#
# There is insufficient memory for the Java Runtime Environment to continue.
# Native memory allocation (malloc) failed to allocate 1188016 bytes for Chunk::new
# Possible reasons:
#   The system is out of physical RAM or swap space
#   The process is running with CompressedOops enabled, and the Java Heap may be blocking the growth of the native heap
# Possible solutions:
#   Reduce memory load on the system
#   Increase physical memory or swap space
#   Check if swap backing store is full
#   Decrease Java heap size (-Xmx/-Xms)
#   Decrease number of Java threads
#   Decrease Java thread stack sizes (-Xss)
#   Set larger code cache with -XX:ReservedCodeCacheSize=
#   JVM is running with Unscaled Compressed Oops mode in which the Java heap is
#     placed in the first 4GB address space. The Java Heap base address is the
#     maximum limit for the native heap growth. Please use -XX:HeapBaseMinAddress
#     to set the Java Heap base and to place the Java Heap above 4GB virtual address.
# This output file may be truncated or incomplete.
#
#  Out of Memory Error (arena.cpp:189), pid=15448, tid=18916
#
# JRE version: Java(TM) SE Runtime Environment (17.0.12+8) (build 17.0.12+8-LTS-286)
# Java VM: Java HotSpot(TM) 64-Bit Server VM (17.0.12+8-LTS-286, mixed mode, sharing, tiered, compressed oops, compressed class ptrs, g1 gc, windows-amd64)
# No core dump will be written. Minidumps are not enabled by default on client versions of Windows
#

---------------  S U M M A R Y ------------

Command Line: --add-opens=java.base/java.lang=ALL-UNNAMED --add-opens=java.base/java.lang.invoke=ALL-UNNAMED --add-opens=java.base/java.util=ALL-UNNAMED --add-opens=java.prefs/java.util.prefs=ALL-UNNAMED --add-exports=jdk.compiler/com.sun.tools.javac.api=ALL-UNNAMED --add-exports=jdk.compiler/com.sun.tools.javac.util=ALL-UNNAMED --add-opens=java.base/java.util=ALL-UNNAMED --add-opens=java.prefs/java.util.prefs=ALL-UNNAMED --add-opens=java.base/java.nio.charset=ALL-UNNAMED --add-opens=java.base/java.net=ALL-UNNAMED --add-opens=java.base/java.util.concurrent.atomic=ALL-UNNAMED --add-opens=java.xml/javax.xml.namespace=ALL-UNNAMED -XX:MaxMetaspaceSize=512m -Xmx2048m -Dfile.encoding=UTF-8 -Duser.country=IN -Duser.language=en -Duser.variant -javaagent:C:\Users\surde\.gradle\wrapper\dists\gradle-8.13-bin\5xuhj0ry160q40clulazy9h7d\gradle-8.13\lib\agents\gradle-instrumentation-agent-8.13.jar org.gradle.launcher.daemon.bootstrap.GradleDaemon 8.13

Host: 11th Gen Intel(R) Core(TM) i5-11400H @ 2.70GHz, 12 cores, 15G,  Windows 11 , 64 bit Build 26100 (10.0.26100.7623)
Time: Thu Jan 22 10:26:31 2026 India Standard Time elapsed time: 14.182260 seconds (0d 0h 0m 14s)

---------------  T H R E A D  ---------------

Current thread (0x000001f30479b7c0):  JavaThread "C2 CompilerThread2" daemon [_thread_in_native, id=18916, stack(0x0000006957100000,0x0000006957200000)]


Current CompileTask:
C2:  14182 14908       4       org.gradle.internal.operations.DefaultBuildOperationRunner$BuildOperationTrackingListener::start (53 bytes)

Stack: [0x0000006957100000,0x0000006957200000]
Native frames: (J=compiled Java code, j=interpreted, Vv=VM code, C=native code)
V  [jvm.dll+0x67a04a]
V  [jvm.dll+0x7da4ed]
V  [jvm.dll+0x7dbe33]
V  [jvm.dll+0x7dc4a3]
V  [jvm.dll+0x24508f]
V  [jvm.dll+0xab773]
V  [jvm.dll+0xabd3c]
V  [jvm.dll+0x361b9f]
V  [jvm.dll+0x32c431]
V  [jvm.dll+0x32b8ca]
V  [jvm.dll+0x21683f]
V  [jvm.dll+0x215c6f]
V  [jvm.dll+0x1a2960]
V  [jvm.dll+0x22610b]
V  [jvm.dll+0x2242ab]
V  [jvm.dll+0x79075c]
V  [jvm.dll+0x78abea]
V  [jvm.dll+0x678f35]
C  [ucrtbase.dll+0x37b0]
C  [KERNEL32.DLL+0x2e8d7]
C  [ntdll.dll+0x8c53c]


---------------  P R O C E S S  ---------------

Threads class SMR info:
_java_thread_list=0x000001f329ce6ec0, length=204, elements={
0x000001f365e2bc70, 0x000001f30451a0e0, 0x000001f30451abb0, 0x000001f30452a9c0,
0x000001f30452b290, 0x000001f30452bb60, 0x000001f30452e440, 0x000001f3046577e0,
0x000001f304668100, 0x000001f304679770, 0x000001f304508160, 0x000001f3048e9870,
0x000001f3244d62d0, 0x000001f3244d7200, 0x000001f3244d7c20, 0x000001f3244d53a0,
0x000001f3244d7710, 0x000001f3244d4e90, 0x000001f3244d67e0, 0x000001f3244d6cf0,
0x000001f3244d8130, 0x000001f3244d5dc0, 0x000001f3260073d0, 0x000001f3260078e0,
0x000001f326007df0, 0x000001f326005060, 0x000001f326006ec0, 0x000001f326005a80,
0x000001f326008d20, 0x000001f326009230, 0x000001f326009740, 0x000001f326009c50,
0x000001f3260064a0, 0x000001f32600b090, 0x000001f32600c9e0, 0x000001f32600ab80,
0x000001f32600bfc0, 0x000001f32600a670, 0x000001f32600c4d0, 0x000001f3244d4980,
0x000001f3241c3840, 0x000001f3241c0fc0, 0x000001f3241c2910, 0x000001f3241c4c80,
0x000001f3241c14d0, 0x000001f3241c1ef0, 0x000001f3241c4260, 0x000001f3241c5190,
0x000001f3241c3d50, 0x000001f3241c2e20, 0x000001f3241c19e0, 0x000001f3241c56a0,
0x000001f3241c3330, 0x000001f3241c6ae0, 0x000001f3241c5bb0, 0x000001f3241c8430,
0x000001f3241c60c0, 0x000001f3241c7500, 0x000001f3241c65d0, 0x000001f3241c6ff0,
0x000001f3241c7a10, 0x000001f3241c7f20, 0x000001f3241c8940, 0x000001f324f4d1b0,
0x000001f324f4a930, 0x000001f324f4ae40, 0x000001f324f4d6c0, 0x000001f324f4b350,
0x000001f324f4dbd0, 0x000001f324f4e0e0, 0x000001f324f4c280, 0x000001f324f4c790,
0x000001f324f4b860, 0x000001f324f4cca0, 0x000001f324f4e5f0, 0x000001f324f4f010,
0x000001f324f4eb00, 0x000001f324f4f520, 0x000001f324f4bd70, 0x000001f324f50960,
0x000001f324f51da0, 0x000001f324f4ff40, 0x000001f324f522b0, 0x000001f324f50450,
0x000001f3263a93a0, 0x000001f3263aacf0, 0x000001f3263a8e90, 0x000001f3263a98b0,
0x000001f3263a7f60, 0x000001f3263a8470, 0x000001f3263a7a50, 0x000001f3263a7540,
0x000001f3263abc20, 0x000001f3263a9dc0, 0x000001f3263ab200, 0x000001f3263ab710,
0x000001f3263ac130, 0x000001f3263aa2d0, 0x000001f3263aa7e0, 0x000001f3263a8980,
0x000001f3263ae9b0, 0x000001f3263ac640, 0x000001f3263ada80, 0x000001f3263adf90,
0x000001f3263acb50, 0x000001f3263aeec0, 0x000001f3263ad570, 0x000001f3263ae4a0,
0x000001f3263ad060, 0x000001f3294d1190, 0x000001f3294d2ff0, 0x000001f3294d16a0,
0x000001f3294d3a10, 0x000001f3294d3f20, 0x000001f3294d0770, 0x000001f3294d20c0,
0x000001f3294d25d0, 0x000001f3294d0c80, 0x000001f3294d4940, 0x000001f3294d5870,
0x000001f3294d4e50, 0x000001f3294d5360, 0x000001f3294d5d80, 0x000001f3294d6290,
0x000001f3294d2ae0, 0x000001f3294d67a0, 0x000001f3294d7be0, 0x000001f3294d71c0,
0x000001f30479e240, 0x000001f3294d76d0, 0x000001f3294d80f0, 0x000001f326005f90,
0x000001f32abc6ec0, 0x000001f32abc73d0, 0x000001f32abc8810, 0x000001f32abc5060,
0x000001f32abc69b0, 0x000001f32abc5a80, 0x000001f32abc5570, 0x000001f32abc78e0,
0x000001f32abc7df0, 0x000001f32abc5f90, 0x000001f32abc64a0, 0x000001f32717d290,
0x000001f32717dcb0, 0x000001f32717b430, 0x000001f32717c360, 0x000001f32717b940,
0x000001f32717be50, 0x000001f32717c870, 0x000001f32717cd80, 0x000001f32717af20,
0x000001f327180a40, 0x000001f32717ebe0, 0x000001f32717e6d0, 0x000001f327180020,
0x000001f32717fb10, 0x000001f32717f600, 0x000001f30479b7c0, 0x000001f327180f50,
0x000001f327180530, 0x000001f32717d7a0, 0x000001f327181460, 0x000001f327181970,
0x000001f32717e1c0, 0x000001f327181e80, 0x000001f327182390, 0x000001f3271828a0,
0x000001f32717f0f0, 0x000001f3271c69b0, 0x000001f3271c8d20, 0x000001f3271c6ec0,
0x000001f3271c9230, 0x000001f3271c78e0, 0x000001f3271c7df0, 0x000001f3271c8300,
0x000001f3271c9740, 0x000001f3271c8810, 0x000001f3271c9c50, 0x000001f3271c64a0,
0x000001f3271ca670, 0x000001f3271cab80, 0x000001f3271ca160, 0x000001f3271c73d0,
0x000001f3271cc4d0, 0x000001f3271cbfc0, 0x000001f3271cb090, 0x000001f3271cb5a0,
0x000001f3271cbab0, 0x000001f3271cde20, 0x000001f3271cd400, 0x000001f3271cc9e0,
0x000001f3271ccef0, 0x000001f3271cd910, 0x000001f3294f07b0, 0x000001f3294f1bf0,
0x000001f3294f3a50, 0x000001f3294f3030, 0x000001f3294f16e0, 0x000001f3294f4470,
0x000001f3294f4980, 0x000001f3294f11d0, 0x000001f3294f4e90, 0x000001f3294f53a0
}

Java Threads: ( => current thread )
  0x000001f365e2bc70 JavaThread "main" [_thread_blocked, id=21444, stack(0x000000694c100000,0x000000694c200000)]
  0x000001f30451a0e0 JavaThread "Reference Handler" daemon [_thread_blocked, id=21280, stack(0x000000694c800000,0x000000694c900000)]
  0x000001f30451abb0 JavaThread "Finalizer" daemon [_thread_blocked, id=14752, stack(0x000000694c900000,0x000000694ca00000)]
  0x000001f30452a9c0 JavaThread "Signal Dispatcher" daemon [_thread_blocked, id=4540, stack(0x000000694ca00000,0x000000694cb00000)]
  0x000001f30452b290 JavaThread "Attach Listener" daemon [_thread_blocked, id=6904, stack(0x000000694cb00000,0x000000694cc00000)]
  0x000001f30452bb60 JavaThread "Service Thread" daemon [_thread_blocked, id=18172, stack(0x000000694cc00000,0x000000694cd00000)]
  0x000001f30452e440 JavaThread "Monitor Deflation Thread" daemon [_thread_blocked, id=19512, stack(0x000000694cd00000,0x000000694ce00000)]
  0x000001f3046577e0 JavaThread "C2 CompilerThread0" daemon [_thread_blocked, id=11880, stack(0x000000694ce00000,0x000000694cf00000)]
  0x000001f304668100 JavaThread "C1 CompilerThread0" daemon [_thread_blocked, id=852, stack(0x000000694cf00000,0x000000694d000000)]
  0x000001f304679770 JavaThread "Sweeper thread" daemon [_thread_blocked, id=22260, stack(0x000000694d000000,0x000000694d100000)]
  0x000001f304508160 JavaThread "Common-Cleaner" daemon [_thread_blocked, id=9456, stack(0x000000694d100000,0x000000694d200000)]
  0x000001f3048e9870 JavaThread "Notification Thread" daemon [_thread_blocked, id=4220, stack(0x000000694d300000,0x000000694d400000)]
  0x000001f3244d62d0 JavaThread "Daemon health stats" [_thread_blocked, id=7864, stack(0x000000694db00000,0x000000694dc00000)]
  0x000001f3244d7200 JavaThread "Incoming local TCP Connector on port 58765" [_thread_in_native, id=23312, stack(0x000000694dc00000,0x000000694dd00000)]
  0x000001f3244d7c20 JavaThread "Daemon periodic checks" [_thread_blocked, id=12048, stack(0x000000694dd00000,0x000000694de00000)]
  0x000001f3244d53a0 JavaThread "Daemon" [_thread_blocked, id=18148, stack(0x000000694de00000,0x000000694df00000)]
  0x000001f3244d7710 JavaThread "Handler for socket connection from /127.0.0.1:58765 to /127.0.0.1:58766" [_thread_in_native, id=12348, stack(0x000000694df00000,0x000000694e000000)]
  0x000001f3244d4e90 JavaThread "Cancel handler" [_thread_blocked, id=18796, stack(0x000000694e000000,0x000000694e100000)]
  0x000001f3244d67e0 JavaThread "Daemon worker" [_thread_in_vm, id=12016, stack(0x000000694e100000,0x000000694e200000)]
  0x000001f3244d6cf0 JavaThread "Asynchronous log dispatcher for DefaultDaemonConnection: socket connection from /127.0.0.1:58765 to /127.0.0.1:58766" [_thread_blocked, id=15192, stack(0x000000694e200000,0x000000694e300000)]
  0x000001f3244d8130 JavaThread "Stdin handler" [_thread_blocked, id=22576, stack(0x000000694e300000,0x000000694e400000)]
  0x000001f3244d5dc0 JavaThread "Daemon client event forwarder" [_thread_blocked, id=23444, stack(0x000000694e400000,0x000000694e500000)]
  0x000001f3260073d0 JavaThread "Cache worker for journal cache (C:\Users\surde\.gradle\caches\journal-1)" [_thread_blocked, id=18620, stack(0x000000694e500000,0x000000694e600000)]
  0x000001f3260078e0 JavaThread "File lock request listener" [_thread_in_native, id=20528, stack(0x000000694e600000,0x000000694e700000)]
  0x000001f326007df0 JavaThread "Cache worker for file hash cache (C:\Users\surde\.gradle\caches\8.13\fileHashes)" [_thread_blocked, id=15176, stack(0x000000694e700000,0x000000694e800000)]
  0x000001f326005060 JavaThread "Cache worker for file hash cache (D:\unwant\agri\agrio\my-agrixvision-app\android\.gradle\8.13\fileHashes)" [_thread_blocked, id=18272, stack(0x000000694e800000,0x000000694e900000)]
  0x000001f326006ec0 JavaThread "Cache worker for Build Output Cleanup Cache (D:\unwant\agri\agrio\my-agrixvision-app\android\.gradle\buildOutputCleanup)" [_thread_blocked, id=4480, stack(0x000000694e900000,0x000000694ea00000)]
  0x000001f326005a80 JavaThread "File watcher server" daemon [_thread_in_native, id=3644, stack(0x000000694f000000,0x000000694f100000)]
  0x000001f326008d20 JavaThread "File watcher consumer" daemon [_thread_blocked, id=10304, stack(0x000000694f100000,0x000000694f200000)]
  0x000001f326009230 JavaThread "jar transforms" [_thread_blocked, id=22800, stack(0x000000694f200000,0x000000694f300000)]
  0x000001f326009740 JavaThread "jar transforms Thread 2" [_thread_blocked, id=11396, stack(0x000000694f300000,0x000000694f400000)]
  0x000001f326009c50 JavaThread "Cache worker for checksums cache (D:\unwant\agri\agrio\my-agrixvision-app\android\.gradle\8.13\checksums)" [_thread_blocked, id=11688, stack(0x000000694f400000,0x000000694f500000)]
  0x000001f3260064a0 JavaThread "Cache worker for file content cache (C:\Users\surde\.gradle\caches\8.13\fileContent)" [_thread_blocked, id=10432, stack(0x000000694f500000,0x000000694f600000)]
  0x000001f32600b090 JavaThread "jar transforms Thread 3" [_thread_blocked, id=5628, stack(0x000000694f600000,0x000000694f700000)]
  0x000001f32600c9e0 JavaThread "Exec process" [_thread_blocked, id=7556, stack(0x000000694f700000,0x000000694f800000)]
  0x000001f32600ab80 JavaThread "Exec process Thread 2" [_thread_blocked, id=7724, stack(0x000000694f800000,0x000000694f900000)]
  0x000001f32600bfc0 JavaThread "Exec process Thread 3" [_thread_blocked, id=23096, stack(0x000000694f900000,0x000000694fa00000)]
  0x000001f32600a670 JavaThread "Cache worker for cache directory md-supplier (C:\Users\surde\.gradle\caches\8.13\md-supplier)" [_thread_blocked, id=7452, stack(0x000000694fa00000,0x000000694fb00000)]
  0x000001f32600c4d0 JavaThread "Cache worker for cache directory md-rule (C:\Users\surde\.gradle\caches\8.13\md-rule)" [_thread_blocked, id=3484, stack(0x000000694fb00000,0x000000694fc00000)]
  0x000001f3244d4980 JavaThread "Cache worker for Build Output Cleanup Cache (D:\unwant\agri\agrio\my-agrixvision-app\node_modules\@react-native\gradle-plugin\.gradle\buildOutputCleanup)" [_thread_blocked, id=13180, stack(0x000000694fc00000,0x000000694fd00000)]
  0x000001f3241c3840 JavaThread "Unconstrained build operations" [_thread_blocked, id=17968, stack(0x000000694fd00000,0x000000694fe00000)]
  0x000001f3241c0fc0 JavaThread "Unconstrained build operations Thread 2" [_thread_blocked, id=23132, stack(0x000000694fe00000,0x000000694ff00000)]
  0x000001f3241c2910 JavaThread "Unconstrained build operations Thread 3" [_thread_blocked, id=22708, stack(0x000000694ff00000,0x0000006950000000)]
  0x000001f3241c4c80 JavaThread "Unconstrained build operations Thread 4" [_thread_blocked, id=11128, stack(0x0000006950000000,0x0000006950100000)]
  0x000001f3241c14d0 JavaThread "Unconstrained build operations Thread 5" [_thread_blocked, id=10788, stack(0x0000006950100000,0x0000006950200000)]
  0x000001f3241c1ef0 JavaThread "Unconstrained build operations Thread 6" [_thread_blocked, id=23340, stack(0x0000006950200000,0x0000006950300000)]
  0x000001f3241c4260 JavaThread "Cache worker for Build Output Cleanup Cache (D:\unwant\agri\agrio\my-agrixvision-app\node_modules\expo-modules-autolinking\android\expo-gradle-plugin\.gradle\buildOutputCleanup)" [_thread_blocked, id=10440, stack(0x000000694d200000,0x000000694d300000)]
  0x000001f3241c5190 JavaThread "Unconstrained build operations Thread 7" [_thread_blocked, id=11808, stack(0x0000006950300000,0x0000006950400000)]
  0x000001f3241c3d50 JavaThread "Unconstrained build operations Thread 8" [_thread_blocked, id=7924, stack(0x0000006950400000,0x0000006950500000)]
  0x000001f3241c2e20 JavaThread "Unconstrained build operations Thread 9" [_thread_blocked, id=7816, stack(0x0000006950500000,0x0000006950600000)]
  0x000001f3241c19e0 JavaThread "Unconstrained build operations Thread 10" [_thread_blocked, id=20984, stack(0x0000006950600000,0x0000006950700000)]
  0x000001f3241c56a0 JavaThread "Unconstrained build operations Thread 11" [_thread_blocked, id=21824, stack(0x0000006950700000,0x0000006950800000)]
  0x000001f3241c3330 JavaThread "Unconstrained build operations Thread 12" [_thread_blocked, id=9620, stack(0x0000006950800000,0x0000006950900000)]
  0x000001f3241c6ae0 JavaThread "Unconstrained build operations Thread 13" [_thread_blocked, id=13596, stack(0x0000006950900000,0x0000006950a00000)]
  0x000001f3241c5bb0 JavaThread "Unconstrained build operations Thread 14" [_thread_blocked, id=12708, stack(0x0000006950a00000,0x0000006950b00000)]
  0x000001f3241c8430 JavaThread "Unconstrained build operations Thread 15" [_thread_blocked, id=836, stack(0x0000006950b00000,0x0000006950c00000)]
  0x000001f3241c60c0 JavaThread "Unconstrained build operations Thread 16" [_thread_blocked, id=22828, stack(0x0000006950c00000,0x0000006950d00000)]
  0x000001f3241c7500 JavaThread "Unconstrained build operations Thread 17" [_thread_blocked, id=15324, stack(0x0000006950d00000,0x0000006950e00000)]
  0x000001f3241c65d0 JavaThread "Unconstrained build operations Thread 18" [_thread_blocked, id=23084, stack(0x0000006950e00000,0x0000006950f00000)]
  0x000001f3241c6ff0 JavaThread "Unconstrained build operations Thread 19" [_thread_blocked, id=22216, stack(0x0000006950f00000,0x0000006951000000)]
  0x000001f3241c7a10 JavaThread "Unconstrained build operations Thread 20" [_thread_blocked, id=8704, stack(0x0000006951000000,0x0000006951100000)]
  0x000001f3241c7f20 JavaThread "Unconstrained build operations Thread 21" [_thread_blocked, id=18196, stack(0x0000006951100000,0x0000006951200000)]
  0x000001f3241c8940 JavaThread "Unconstrained build operations Thread 22" [_thread_blocked, id=3328, stack(0x0000006951200000,0x0000006951300000)]
  0x000001f324f4d1b0 JavaThread "Unconstrained build operations Thread 23" [_thread_blocked, id=21640, stack(0x0000006951300000,0x0000006951400000)]
  0x000001f324f4a930 JavaThread "Unconstrained build operations Thread 24" [_thread_blocked, id=3616, stack(0x0000006951400000,0x0000006951500000)]
  0x000001f324f4ae40 JavaThread "Unconstrained build operations Thread 25" [_thread_blocked, id=18504, stack(0x0000006951500000,0x0000006951600000)]
  0x000001f324f4d6c0 JavaThread "Unconstrained build operations Thread 26" [_thread_blocked, id=2152, stack(0x0000006951600000,0x0000006951700000)]
  0x000001f324f4b350 JavaThread "Unconstrained build operations Thread 27" [_thread_blocked, id=8040, stack(0x0000006951700000,0x0000006951800000)]
  0x000001f324f4dbd0 JavaThread "Unconstrained build operations Thread 28" [_thread_blocked, id=22252, stack(0x0000006951800000,0x0000006951900000)]
  0x000001f324f4e0e0 JavaThread "Unconstrained build operations Thread 29" [_thread_blocked, id=3668, stack(0x0000006951900000,0x0000006951a00000)]
  0x000001f324f4c280 JavaThread "Unconstrained build operations Thread 30" [_thread_blocked, id=14640, stack(0x0000006951a00000,0x0000006951b00000)]
  0x000001f324f4c790 JavaThread "Unconstrained build operations Thread 31" [_thread_blocked, id=23172, stack(0x0000006951b00000,0x0000006951c00000)]
  0x000001f324f4b860 JavaThread "Unconstrained build operations Thread 32" [_thread_blocked, id=20732, stack(0x0000006951c00000,0x0000006951d00000)]
  0x000001f324f4cca0 JavaThread "Unconstrained build operations Thread 33" [_thread_blocked, id=13864, stack(0x0000006951d00000,0x0000006951e00000)]
  0x000001f324f4e5f0 JavaThread "Unconstrained build operations Thread 34" [_thread_blocked, id=18976, stack(0x0000006951e00000,0x0000006951f00000)]
  0x000001f324f4f010 JavaThread "Unconstrained build operations Thread 35" [_thread_blocked, id=21496, stack(0x0000006951f00000,0x0000006952000000)]
  0x000001f324f4eb00 JavaThread "Unconstrained build operations Thread 36" [_thread_blocked, id=21408, stack(0x0000006952000000,0x0000006952100000)]
  0x000001f324f4f520 JavaThread "Unconstrained build operations Thread 37" [_thread_blocked, id=14528, stack(0x0000006952100000,0x0000006952200000)]
  0x000001f324f4bd70 JavaThread "Unconstrained build operations Thread 38" [_thread_blocked, id=10072, stack(0x0000006952200000,0x0000006952300000)]
  0x000001f324f50960 JavaThread "Unconstrained build operations Thread 39" [_thread_blocked, id=19000, stack(0x0000006952300000,0x0000006952400000)]
  0x000001f324f51da0 JavaThread "build event listener" [_thread_blocked, id=13484, stack(0x0000006952500000,0x0000006952600000)]
  0x000001f324f4ff40 JavaThread "Memory manager" [_thread_blocked, id=9968, stack(0x0000006952600000,0x0000006952700000)]
  0x000001f324f522b0 JavaThread "Unconstrained build operations Thread 40" [_thread_blocked, id=14676, stack(0x0000006952400000,0x0000006952500000)]
  0x000001f324f50450 JavaThread "Unconstrained build operations Thread 41" [_thread_blocked, id=17148, stack(0x0000006952700000,0x0000006952800000)]
  0x000001f3263a93a0 JavaThread "Unconstrained build operations Thread 42" [_thread_blocked, id=12964, stack(0x0000006952800000,0x0000006952900000)]
  0x000001f3263aacf0 JavaThread "Unconstrained build operations Thread 43" [_thread_blocked, id=20132, stack(0x0000006952900000,0x0000006952a00000)]
  0x000001f3263a8e90 JavaThread "Unconstrained build operations Thread 44" [_thread_blocked, id=1432, stack(0x0000006952a00000,0x0000006952b00000)]
  0x000001f3263a98b0 JavaThread "Unconstrained build operations Thread 45" [_thread_blocked, id=11260, stack(0x0000006952b00000,0x0000006952c00000)]
  0x000001f3263a7f60 JavaThread "Unconstrained build operations Thread 46" [_thread_blocked, id=860, stack(0x0000006952c00000,0x0000006952d00000)]
  0x000001f3263a8470 JavaThread "Unconstrained build operations Thread 47" [_thread_blocked, id=10148, stack(0x0000006952d00000,0x0000006952e00000)]
  0x000001f3263a7a50 JavaThread "Unconstrained build operations Thread 48" [_thread_blocked, id=13016, stack(0x0000006952e00000,0x0000006952f00000)]
  0x000001f3263a7540 JavaThread "Unconstrained build operations Thread 49" [_thread_blocked, id=11280, stack(0x0000006952f00000,0x0000006953000000)]
  0x000001f3263abc20 JavaThread "Unconstrained build operations Thread 50" [_thread_blocked, id=13276, stack(0x0000006953000000,0x0000006953100000)]
  0x000001f3263a9dc0 JavaThread "Unconstrained build operations Thread 51" [_thread_blocked, id=16616, stack(0x0000006953100000,0x0000006953200000)]
  0x000001f3263ab200 JavaThread "Unconstrained build operations Thread 52" [_thread_blocked, id=13792, stack(0x0000006953200000,0x0000006953300000)]
  0x000001f3263ab710 JavaThread "Unconstrained build operations Thread 53" [_thread_blocked, id=16916, stack(0x0000006953300000,0x0000006953400000)]
  0x000001f3263ac130 JavaThread "Unconstrained build operations Thread 54" [_thread_blocked, id=17260, stack(0x0000006953400000,0x0000006953500000)]
  0x000001f3263aa2d0 JavaThread "Unconstrained build operations Thread 55" [_thread_blocked, id=23208, stack(0x0000006953500000,0x0000006953600000)]
  0x000001f3263aa7e0 JavaThread "Unconstrained build operations Thread 56" [_thread_blocked, id=10860, stack(0x0000006953600000,0x0000006953700000)]
  0x000001f3263a8980 JavaThread "Unconstrained build operations Thread 57" [_thread_blocked, id=6200, stack(0x0000006953700000,0x0000006953800000)]
  0x000001f3263ae9b0 JavaThread "Unconstrained build operations Thread 58" [_thread_blocked, id=22752, stack(0x0000006953800000,0x0000006953900000)]
  0x000001f3263ac640 JavaThread "Unconstrained build operations Thread 59" [_thread_blocked, id=3612, stack(0x0000006953900000,0x0000006953a00000)]
  0x000001f3263ada80 JavaThread "Unconstrained build operations Thread 60" [_thread_blocked, id=9320, stack(0x0000006953a00000,0x0000006953b00000)]
  0x000001f3263adf90 JavaThread "Unconstrained build operations Thread 61" [_thread_blocked, id=2940, stack(0x0000006953b00000,0x0000006953c00000)]
  0x000001f3263acb50 JavaThread "Unconstrained build operations Thread 62" [_thread_blocked, id=1396, stack(0x0000006953c00000,0x0000006953d00000)]
  0x000001f3263aeec0 JavaThread "Unconstrained build operations Thread 63" [_thread_blocked, id=23468, stack(0x0000006953d00000,0x0000006953e00000)]
  0x000001f3263ad570 JavaThread "Unconstrained build operations Thread 64" [_thread_blocked, id=17784, stack(0x0000006953e00000,0x0000006953f00000)]
  0x000001f3263ae4a0 JavaThread "Unconstrained build operations Thread 65" [_thread_blocked, id=2772, stack(0x0000006953f00000,0x0000006954000000)]
  0x000001f3263ad060 JavaThread "Unconstrained build operations Thread 66" [_thread_blocked, id=720, stack(0x0000006954000000,0x0000006954100000)]
  0x000001f3294d1190 JavaThread "Unconstrained build operations Thread 67" [_thread_blocked, id=5696, stack(0x0000006954100000,0x0000006954200000)]
  0x000001f3294d2ff0 JavaThread "Unconstrained build operations Thread 68" [_thread_blocked, id=13900, stack(0x0000006954200000,0x0000006954300000)]
  0x000001f3294d16a0 JavaThread "Unconstrained build operations Thread 69" [_thread_blocked, id=12468, stack(0x0000006954300000,0x0000006954400000)]
  0x000001f3294d3a10 JavaThread "Unconstrained build operations Thread 70" [_thread_blocked, id=23320, stack(0x0000006954400000,0x0000006954500000)]
  0x000001f3294d3f20 JavaThread "Unconstrained build operations Thread 71" [_thread_blocked, id=14680, stack(0x0000006954500000,0x0000006954600000)]
  0x000001f3294d0770 JavaThread "Unconstrained build operations Thread 72" [_thread_blocked, id=19468, stack(0x0000006954600000,0x0000006954700000)]
  0x000001f3294d20c0 JavaThread "build event listener" [_thread_blocked, id=17980, stack(0x0000006954800000,0x0000006954900000)]
  0x000001f3294d25d0 JavaThread "Unconstrained build operations Thread 73" [_thread_blocked, id=2472, stack(0x0000006954900000,0x0000006954a00000)]
  0x000001f3294d0c80 JavaThread "Unconstrained build operations Thread 74" [_thread_blocked, id=17480, stack(0x0000006954a00000,0x0000006954b00000)]
  0x000001f3294d4940 JavaThread "Unconstrained build operations Thread 75" [_thread_blocked, id=4568, stack(0x0000006954b00000,0x0000006954c00000)]
  0x000001f3294d5870 JavaThread "Unconstrained build operations Thread 76" [_thread_blocked, id=18736, stack(0x0000006954c00000,0x0000006954d00000)]
  0x000001f3294d4e50 JavaThread "Unconstrained build operations Thread 77" [_thread_blocked, id=16100, stack(0x0000006954d00000,0x0000006954e00000)]
  0x000001f3294d5360 JavaThread "Unconstrained build operations Thread 78" [_thread_blocked, id=12076, stack(0x0000006954e00000,0x0000006954f00000)]
  0x000001f3294d5d80 JavaThread "Unconstrained build operations Thread 79" [_thread_blocked, id=2140, stack(0x0000006954f00000,0x0000006955000000)]
  0x000001f3294d6290 JavaThread "Unconstrained build operations Thread 80" [_thread_blocked, id=19428, stack(0x0000006955000000,0x0000006955100000)]
  0x000001f3294d2ae0 JavaThread "Unconstrained build operations Thread 81" [_thread_blocked, id=21356, stack(0x0000006955100000,0x0000006955200000)]
  0x000001f3294d67a0 JavaThread "Unconstrained build operations Thread 82" [_thread_blocked, id=17308, stack(0x0000006955200000,0x0000006955300000)]
  0x000001f3294d7be0 JavaThread "Unconstrained build operations Thread 83" [_thread_blocked, id=3988, stack(0x0000006955300000,0x0000006955400000)]
  0x000001f3294d71c0 JavaThread "Unconstrained build operations Thread 84" [_thread_blocked, id=11736, stack(0x0000006955400000,0x0000006955500000)]
  0x000001f30479e240 JavaThread "C2 CompilerThread1" daemon [_thread_in_native, id=16448, stack(0x000000694d500000,0x000000694d600000)]
  0x000001f3294d76d0 JavaThread "ForkJoinPool.commonPool-worker-1" daemon [_thread_blocked, id=12376, stack(0x0000006955500000,0x0000006955600000)]
  0x000001f3294d80f0 JavaThread "ForkJoinPool.commonPool-worker-2" daemon [_thread_blocked, id=5712, stack(0x0000006955600000,0x0000006955700000)]
  0x000001f326005f90 JavaThread "ForkJoinPool.commonPool-worker-3" daemon [_thread_blocked, id=22004, stack(0x0000006955700000,0x0000006955800000)]
  0x000001f32abc6ec0 JavaThread "ForkJoinPool.commonPool-worker-4" daemon [_thread_blocked, id=20876, stack(0x0000006955800000,0x0000006955900000)]
  0x000001f32abc73d0 JavaThread "ForkJoinPool.commonPool-worker-5" daemon [_thread_blocked, id=14656, stack(0x0000006955900000,0x0000006955a00000)]
  0x000001f32abc8810 JavaThread "ForkJoinPool.commonPool-worker-6" daemon [_thread_blocked, id=23116, stack(0x0000006955a00000,0x0000006955b00000)]
  0x000001f32abc5060 JavaThread "ForkJoinPool.commonPool-worker-7" daemon [_thread_blocked, id=18340, stack(0x0000006955b00000,0x0000006955c00000)]
  0x000001f32abc69b0 JavaThread "ForkJoinPool.commonPool-worker-8" daemon [_thread_blocked, id=18416, stack(0x0000006955c00000,0x0000006955d00000)]
  0x000001f32abc5a80 JavaThread "ForkJoinPool.commonPool-worker-9" daemon [_thread_blocked, id=17964, stack(0x0000006955d00000,0x0000006955e00000)]
  0x000001f32abc5570 JavaThread "ForkJoinPool.commonPool-worker-10" daemon [_thread_blocked, id=1160, stack(0x0000006955e00000,0x0000006955f00000)]
  0x000001f32abc78e0 JavaThread "ForkJoinPool.commonPool-worker-11" daemon [_thread_blocked, id=7972, stack(0x0000006955f00000,0x0000006956000000)]
  0x000001f32abc7df0 JavaThread "Exec process" daemon [_thread_blocked, id=11616, stack(0x0000006956000000,0x0000006956100000)]
  0x000001f32abc5f90 JavaThread "Exec process Thread 2" daemon [_thread_blocked, id=12736, stack(0x0000006956100000,0x0000006956200000)]
  0x000001f32abc64a0 JavaThread "Exec process Thread 3" daemon [_thread_blocked, id=12808, stack(0x0000006956200000,0x0000006956300000)]
  0x000001f32717d290 JavaThread "included builds" [_thread_blocked, id=13940, stack(0x0000006954700000,0x0000006954800000)]
  0x000001f32717dcb0 JavaThread "included builds Thread 2" [_thread_blocked, id=21880, stack(0x0000006956300000,0x0000006956400000)]
  0x000001f32717b430 JavaThread "Execution worker" [_thread_blocked, id=1960, stack(0x0000006956400000,0x0000006956500000)]
  0x000001f32717c360 JavaThread "Execution worker Thread 2" [_thread_blocked, id=1136, stack(0x0000006956500000,0x0000006956600000)]
  0x000001f32717b940 JavaThread "Execution worker Thread 3" [_thread_blocked, id=20400, stack(0x0000006956600000,0x0000006956700000)]
  0x000001f32717be50 JavaThread "Execution worker Thread 4" [_thread_blocked, id=3828, stack(0x0000006956700000,0x0000006956800000)]
  0x000001f32717c870 JavaThread "Execution worker Thread 5" [_thread_blocked, id=18240, stack(0x0000006956800000,0x0000006956900000)]
  0x000001f32717cd80 JavaThread "Execution worker Thread 6" [_thread_blocked, id=23336, stack(0x0000006956900000,0x0000006956a00000)]
  0x000001f32717af20 JavaThread "Execution worker Thread 7" [_thread_blocked, id=14928, stack(0x0000006956a00000,0x0000006956b00000)]
  0x000001f327180a40 JavaThread "Execution worker Thread 8" [_thread_blocked, id=380, stack(0x0000006956b00000,0x0000006956c00000)]
  0x000001f32717ebe0 JavaThread "Execution worker Thread 9" [_thread_blocked, id=11556, stack(0x0000006956c00000,0x0000006956d00000)]
  0x000001f32717e6d0 JavaThread "Execution worker Thread 10" [_thread_blocked, id=13248, stack(0x0000006956d00000,0x0000006956e00000)]
  0x000001f327180020 JavaThread "Execution worker Thread 11" [_thread_blocked, id=5844, stack(0x0000006956e00000,0x0000006956f00000)]
  0x000001f32717fb10 JavaThread "Cache worker for execution history cache (D:\unwant\agri\agrio\my-agrixvision-app\node_modules\expo-modules-autolinking\android\expo-gradle-plugin\.gradle\8.13\executionHistory)" [_thread_blocked, id=5568, stack(0x0000006956f00000,0x0000006957000000)]
  0x000001f32717f600 JavaThread "Cache worker for execution history cache (D:\unwant\agri\agrio\my-agrixvision-app\node_modules\@react-native\gradle-plugin\.gradle\8.13\executionHistory)" [_thread_blocked, id=18032, stack(0x0000006957000000,0x0000006957100000)]
=>0x000001f30479b7c0 JavaThread "C2 CompilerThread2" daemon [_thread_in_native, id=18916, stack(0x0000006957100000,0x0000006957200000)]
  0x000001f327180f50 JavaThread "Unconstrained build operations Thread 85" [_thread_blocked, id=7040, stack(0x0000006957200000,0x0000006957300000)]
  0x000001f327180530 JavaThread "Unconstrained build operations Thread 86" [_thread_blocked, id=6460, stack(0x0000006957300000,0x0000006957400000)]
  0x000001f32717d7a0 JavaThread "Unconstrained build operations Thread 87" [_thread_blocked, id=23044, stack(0x0000006957400000,0x0000006957500000)]
  0x000001f327181460 JavaThread "Unconstrained build operations Thread 88" [_thread_blocked, id=22652, stack(0x0000006957500000,0x0000006957600000)]
  0x000001f327181970 JavaThread "Unconstrained build operations Thread 89" [_thread_blocked, id=11076, stack(0x0000006957600000,0x0000006957700000)]
  0x000001f32717e1c0 JavaThread "Unconstrained build operations Thread 90" [_thread_blocked, id=1040, stack(0x0000006957700000,0x0000006957800000)]
  0x000001f327181e80 JavaThread "Unconstrained build operations Thread 91" [_thread_blocked, id=10000, stack(0x0000006957800000,0x0000006957900000)]
  0x000001f327182390 JavaThread "Unconstrained build operations Thread 92" [_thread_blocked, id=17900, stack(0x0000006957900000,0x0000006957a00000)]
  0x000001f3271828a0 JavaThread "Unconstrained build operations Thread 93" [_thread_blocked, id=22160, stack(0x0000006957a00000,0x0000006957b00000)]
  0x000001f32717f0f0 JavaThread "Unconstrained build operations Thread 94" [_thread_blocked, id=23540, stack(0x0000006957b00000,0x0000006957c00000)]
  0x000001f3271c69b0 JavaThread "Unconstrained build operations Thread 95" [_thread_blocked, id=13632, stack(0x0000006957c00000,0x0000006957d00000)]
  0x000001f3271c8d20 JavaThread "Unconstrained build operations Thread 96" [_thread_blocked, id=6988, stack(0x0000006957d00000,0x0000006957e00000)]
  0x000001f3271c6ec0 JavaThread "Unconstrained build operations Thread 97" [_thread_blocked, id=23300, stack(0x0000006957e00000,0x0000006957f00000)]
  0x000001f3271c9230 JavaThread "Unconstrained build operations Thread 98" [_thread_blocked, id=13652, stack(0x0000006957f00000,0x0000006958000000)]
  0x000001f3271c78e0 JavaThread "Unconstrained build operations Thread 99" [_thread_blocked, id=11600, stack(0x0000006958000000,0x0000006958100000)]
  0x000001f3271c7df0 JavaThread "Unconstrained build operations Thread 100" [_thread_blocked, id=14732, stack(0x0000006958100000,0x0000006958200000)]
  0x000001f3271c8300 JavaThread "Unconstrained build operations Thread 101" [_thread_blocked, id=22888, stack(0x0000006958200000,0x0000006958300000)]
  0x000001f3271c9740 JavaThread "Unconstrained build operations Thread 102" [_thread_blocked, id=7428, stack(0x0000006958300000,0x0000006958400000)]
  0x000001f3271c8810 JavaThread "Unconstrained build operations Thread 103" [_thread_blocked, id=5780, stack(0x0000006958400000,0x0000006958500000)]
  0x000001f3271c9c50 JavaThread "Unconstrained build operations Thread 104" [_thread_blocked, id=13756, stack(0x0000006958500000,0x0000006958600000)]
  0x000001f3271c64a0 JavaThread "Unconstrained build operations Thread 105" [_thread_blocked, id=12524, stack(0x0000006958600000,0x0000006958700000)]
  0x000001f3271ca670 JavaThread "Unconstrained build operations Thread 106" [_thread_blocked, id=4060, stack(0x0000006958700000,0x0000006958800000)]
  0x000001f3271cab80 JavaThread "Unconstrained build operations Thread 107" [_thread_blocked, id=2456, stack(0x0000006958800000,0x0000006958900000)]
  0x000001f3271ca160 JavaThread "Unconstrained build operations Thread 108" [_thread_blocked, id=9252, stack(0x0000006958900000,0x0000006958a00000)]
  0x000001f3271c73d0 JavaThread "Unconstrained build operations Thread 109" [_thread_blocked, id=22848, stack(0x0000006958a00000,0x0000006958b00000)]
  0x000001f3271cc4d0 JavaThread "Unconstrained build operations Thread 110" [_thread_blocked, id=10328, stack(0x0000006958b00000,0x0000006958c00000)]
  0x000001f3271cbfc0 JavaThread "Unconstrained build operations Thread 111" [_thread_blocked, id=22032, stack(0x0000006958c00000,0x0000006958d00000)]
  0x000001f3271cb090 JavaThread "Unconstrained build operations Thread 112" [_thread_blocked, id=12688, stack(0x0000006958d00000,0x0000006958e00000)]
  0x000001f3271cb5a0 JavaThread "Unconstrained build operations Thread 113" [_thread_blocked, id=3376, stack(0x0000006958e00000,0x0000006958f00000)]
  0x000001f3271cbab0 JavaThread "Unconstrained build operations Thread 114" [_thread_blocked, id=6616, stack(0x0000006958f00000,0x0000006959000000)]
  0x000001f3271cde20 JavaThread "Unconstrained build operations Thread 115" [_thread_blocked, id=22188, stack(0x0000006959000000,0x0000006959100000)]
  0x000001f3271cd400 JavaThread "Unconstrained build operations Thread 116" [_thread_blocked, id=22692, stack(0x0000006959100000,0x0000006959200000)]
  0x000001f3271cc9e0 JavaThread "Unconstrained build operations Thread 117" [_thread_blocked, id=11148, stack(0x0000006959200000,0x0000006959300000)]
  0x000001f3271ccef0 JavaThread "Unconstrained build operations Thread 118" [_thread_blocked, id=5684, stack(0x0000006959300000,0x0000006959400000)]
  0x000001f3271cd910 JavaThread "Unconstrained build operations Thread 119" [_thread_blocked, id=10544, stack(0x0000006959400000,0x0000006959500000)]
  0x000001f3294f07b0 JavaThread "Unconstrained build operations Thread 120" [_thread_blocked, id=8012, stack(0x0000006959500000,0x0000006959600000)]
  0x000001f3294f1bf0 JavaThread "jar transforms Thread 4" [_thread_blocked, id=11724, stack(0x0000006959600000,0x0000006959700000)]
  0x000001f3294f3a50 JavaThread "Cache worker for Build Output Cleanup Cache (D:\unwant\agri\agrio\my-agrixvision-app\node_modules\expo-modules-core\expo-module-gradle-plugin\.gradle\buildOutputCleanup)" [_thread_blocked, id=23356, stack(0x0000006959700000,0x0000006959800000)]
  0x000001f3294f3030 JavaThread "jar transforms Thread 5" [_thread_blocked, id=17528, stack(0x0000006959800000,0x0000006959900000)]
  0x000001f3294f16e0 JavaThread "included builds Thread 3" [_thread_blocked, id=13480, stack(0x0000006959900000,0x0000006959a00000)]
  0x000001f3294f4470 JavaThread "Cache worker for execution history cache (D:\unwant\agri\agrio\my-agrixvision-app\node_modules\expo-modules-core\expo-module-gradle-plugin\.gradle\8.13\executionHistory)" [_thread_blocked, id=18800, stack(0x0000006959a00000,0x0000006959b00000)]
  0x000001f3294f4980 JavaThread "jar transforms Thread 6" [_thread_blocked, id=10032, stack(0x0000006959b00000,0x0000006959c00000)]
  0x000001f3294f11d0 JavaThread "Problems report writer" [_thread_blocked, id=17852, stack(0x0000006959c00000,0x0000006959d00000)]
  0x000001f3294f4e90 JavaThread "jar transforms Thread 7" [_thread_blocked, id=13272, stack(0x0000006959d00000,0x0000006959e00000)]
  0x000001f3294f53a0 JavaThread "jar transforms Thread 8" [_thread_blocked, id=11856, stack(0x0000006959e00000,0x0000006959f00000)]

Other Threads:
  0x000001f304516730 VMThread "VM Thread" [stack: 0x000000694c700000,0x000000694c800000] [id=4372]
  0x000001f365ec7130 WatcherThread [stack: 0x000000694d400000,0x000000694d500000] [id=3132]
  0x000001f365e88e60 GCTaskThread "GC Thread#0" [stack: 0x000000694c200000,0x000000694c300000] [id=22016]
  0x000001f3242660f0 GCTaskThread "GC Thread#1" [stack: 0x000000694d600000,0x000000694d700000] [id=20884]
  0x000001f3242663b0 GCTaskThread "GC Thread#2" [stack: 0x000000694d700000,0x000000694d800000] [id=3236]
  0x000001f324236450 GCTaskThread "GC Thread#3" [stack: 0x000000694d800000,0x000000694d900000] [id=21412]
  0x000001f324236710 GCTaskThread "GC Thread#4" [stack: 0x000000694d900000,0x000000694da00000] [id=708]
  0x000001f32457d290 GCTaskThread "GC Thread#5" [stack: 0x000000694da00000,0x000000694db00000] [id=4776]
  0x000001f326133260 GCTaskThread "GC Thread#6" [stack: 0x000000694ea00000,0x000000694eb00000] [id=3156]
  0x000001f326132ce0 GCTaskThread "GC Thread#7" [stack: 0x000000694eb00000,0x000000694ec00000] [id=14404]
  0x000001f326132fa0 GCTaskThread "GC Thread#8" [stack: 0x000000694ec00000,0x000000694ed00000] [id=21048]
  0x000001f326134020 GCTaskThread "GC Thread#9" [stack: 0x000000694ed00000,0x000000694ee00000] [id=18652]
  0x000001f365e99e20 ConcurrentGCThread "G1 Main Marker" [stack: 0x000000694c300000,0x000000694c400000] [id=12568]
  0x000001f365e9c160 ConcurrentGCThread "G1 Conc#0" [stack: 0x000000694c400000,0x000000694c500000] [id=10656]
  0x000001f3261337e0 ConcurrentGCThread "G1 Conc#1" [stack: 0x000000694ee00000,0x000000694ef00000] [id=10104]
  0x000001f326133d60 ConcurrentGCThread "G1 Conc#2" [stack: 0x000000694ef00000,0x000000694f000000] [id=11944]
  0x000001f365eee550 ConcurrentGCThread "G1 Refine#0" [stack: 0x000000694c500000,0x000000694c600000] [id=19696]
  0x000001f3043d01f0 ConcurrentGCThread "G1 Service" [stack: 0x000000694c600000,0x000000694c700000] [id=7692]

Threads with active compile tasks:
C2 CompilerThread1    14202 14903       4       org.gradle.internal.operations.DefaultBuildOperationRunner::execute (147 bytes)
C2 CompilerThread2    14202 14908       4       org.gradle.internal.operations.DefaultBuildOperationRunner$BuildOperationTrackingListener::start (53 bytes)

VM state: not at safepoint (normal execution)

VM Mutex/Monitor currently owned by a thread: None

Heap address: 0x0000000080000000, size: 2048 MB, Compressed Oops mode: 32-bit

CDS archive(s) mapped at: [0x000001f305000000-0x000001f305bd0000-0x000001f305bd0000), size 12386304, SharedBaseAddress: 0x000001f305000000, ArchiveRelocationMode: 1.
Compressed class space mapped at: 0x000001f306000000-0x000001f320000000, reserved size: 436207616
Narrow klass base: 0x000001f305000000, Narrow klass shift: 0, Narrow klass range: 0x100000000

GC Precious Log:
 CPUs: 12 total, 12 available
 Memory: 16105M
 Large Page Support: Disabled
 NUMA Support: Disabled
 Compressed Oops: Enabled (32-bit)
 Heap Region Size: 1M
 Heap Min Capacity: 8M
 Heap Initial Capacity: 252M
 Heap Max Capacity: 2G
 Pre-touch: Disabled
 Parallel Workers: 10
 Concurrent Workers: 3
 Concurrent Refinement Workers: 10
 Periodic GC: Disabled

Heap:
 garbage-first heap   total 211968K, used 166008K [0x0000000080000000, 0x0000000100000000)
  region size 1024K, 18 young (18432K), 2 survivors (2048K)
 Metaspace       used 98854K, committed 100032K, reserved 557056K
  class space    used 13648K, committed 14208K, reserved 425984K

Heap Regions: E=young(eden), S=young(survivor), O=old, HS=humongous(starts), HC=humongous(continues), CS=collection set, F=free, OA=open archive, CA=closed archive, TAMS=top-at-mark-start (previous, next)
|   0|0x0000000080000000, 0x0000000080100000, 0x0000000080100000|100%|HS|  |TAMS 0x0000000080100000, 0x0000000080000000| Complete 
|   1|0x0000000080100000, 0x0000000080200000, 0x0000000080200000|100%|HC|  |TAMS 0x0000000080200000, 0x0000000080100000| Complete 
|   2|0x0000000080200000, 0x0000000080300000, 0x0000000080300000|100%|HC|  |TAMS 0x0000000080300000, 0x0000000080200000| Complete 
|   3|0x0000000080300000, 0x0000000080400000, 0x0000000080400000|100%| O|  |TAMS 0x0000000080400000, 0x0000000080300000| Untracked 
|   4|0x0000000080400000, 0x0000000080500000, 0x0000000080500000|100%| O|  |TAMS 0x0000000080500000, 0x0000000080400000| Untracked 
|   5|0x0000000080500000, 0x0000000080600000, 0x0000000080600000|100%| O|  |TAMS 0x0000000080600000, 0x0000000080500000| Untracked 
|   6|0x0000000080600000, 0x0000000080700000, 0x0000000080700000|100%|HS|  |TAMS 0x0000000080700000, 0x0000000080600000| Complete 
|   7|0x0000000080700000, 0x0000000080800000, 0x0000000080800000|100%| O|  |TAMS 0x0000000080800000, 0x0000000080700000| Untracked 
|   8|0x0000000080800000, 0x0000000080900000, 0x0000000080900000|100%| O|  |TAMS 0x0000000080900000, 0x0000000080800000| Untracked 
|   9|0x0000000080900000, 0x0000000080a00000, 0x0000000080a00000|100%| O|  |TAMS 0x0000000080a00000, 0x0000000080900000| Untracked 
|  10|0x0000000080a00000, 0x0000000080b00000, 0x0000000080b00000|100%| O|  |TAMS 0x0000000080b00000, 0x0000000080a00000| Untracked 
|  11|0x0000000080b00000, 0x0000000080c00000, 0x0000000080c00000|100%| O|  |TAMS 0x0000000080c00000, 0x0000000080b00000| Untracked 
|  12|0x0000000080c00000, 0x0000000080d00000, 0x0000000080d00000|100%| O|  |TAMS 0x0000000080d00000, 0x0000000080c00000| Untracked 
|  13|0x0000000080d00000, 0x0000000080e00000, 0x0000000080e00000|100%| O|  |TAMS 0x0000000080e00000, 0x0000000080d00000| Untracked 
|  14|0x0000000080e00000, 0x0000000080f00000, 0x0000000080f00000|100%| O|  |TAMS 0x0000000080f00000, 0x0000000080e00000| Untracked 
|  15|0x0000000080f00000, 0x0000000081000000, 0x0000000081000000|100%| O|  |TAMS 0x0000000081000000, 0x0000000080f00000| Untracked 
|  16|0x0000000081000000, 0x0000000081100000, 0x0000000081100000|100%| O|  |TAMS 0x0000000081100000, 0x0000000081000000| Untracked 
|  17|0x0000000081100000, 0x0000000081200000, 0x0000000081200000|100%| O|  |TAMS 0x0000000081200000, 0x0000000081100000| Untracked 
|  18|0x0000000081200000, 0x0000000081300000, 0x0000000081300000|100%| O|  |TAMS 0x0000000081300000, 0x0000000081200000| Untracked 
|  19|0x0000000081300000, 0x0000000081400000, 0x0000000081400000|100%| O|  |TAMS 0x0000000081400000, 0x0000000081300000| Untracked 
|  20|0x0000000081400000, 0x0000000081500000, 0x0000000081500000|100%| O|  |TAMS 0x0000000081500000, 0x0000000081400000| Untracked 
|  21|0x0000000081500000, 0x0000000081600000, 0x0000000081600000|100%| O|  |TAMS 0x0000000081600000, 0x0000000081500000| Untracked 
|  22|0x0000000081600000, 0x0000000081700000, 0x0000000081700000|100%| O|  |TAMS 0x0000000081700000, 0x0000000081600000| Untracked 
|  23|0x0000000081700000, 0x0000000081800000, 0x0000000081800000|100%| O|  |TAMS 0x0000000081800000, 0x0000000081700000| Untracked 
|  24|0x0000000081800000, 0x0000000081900000, 0x0000000081900000|100%| O|  |TAMS 0x0000000081900000, 0x0000000081800000| Untracked 
|  25|0x0000000081900000, 0x0000000081a00000, 0x0000000081a00000|100%| O|  |TAMS 0x0000000081900000, 0x0000000081900000| Untracked 
|  26|0x0000000081a00000, 0x0000000081b00000, 0x0000000081b00000|100%| O|  |TAMS 0x0000000081b00000, 0x0000000081a00000| Untracked 
|  27|0x0000000081b00000, 0x0000000081c00000, 0x0000000081c00000|100%| O|  |TAMS 0x0000000081c00000, 0x0000000081b00000| Untracked 
|  28|0x0000000081c00000, 0x0000000081d00000, 0x0000000081d00000|100%| O|  |TAMS 0x0000000081d00000, 0x0000000081c00000| Untracked 
|  29|0x0000000081d00000, 0x0000000081e00000, 0x0000000081e00000|100%| O|  |TAMS 0x0000000081e00000, 0x0000000081d00000| Untracked 
|  30|0x0000000081e00000, 0x0000000081f00000, 0x0000000081f00000|100%| O|  |TAMS 0x0000000081f00000, 0x0000000081e00000| Untracked 
|  31|0x0000000081f00000, 0x0000000082000000, 0x0000000082000000|100%| O|  |TAMS 0x0000000082000000, 0x0000000081f00000| Untracked 
|  32|0x0000000082000000, 0x0000000082100000, 0x0000000082100000|100%| O|  |TAMS 0x0000000082100000, 0x0000000082000000| Untracked 
|  33|0x0000000082100000, 0x0000000082200000, 0x0000000082200000|100%| O|  |TAMS 0x0000000082200000, 0x0000000082100000| Untracked 
|  34|0x0000000082200000, 0x0000000082300000, 0x0000000082300000|100%| O|  |TAMS 0x0000000082300000, 0x0000000082200000| Untracked 
|  35|0x0000000082300000, 0x0000000082400000, 0x0000000082400000|100%| O|  |TAMS 0x0000000082400000, 0x0000000082300000| Untracked 
|  36|0x0000000082400000, 0x0000000082500000, 0x0000000082500000|100%| O|  |TAMS 0x0000000082500000, 0x0000000082400000| Untracked 
|  37|0x0000000082500000, 0x0000000082600000, 0x0000000082600000|100%| O|  |TAMS 0x0000000082600000, 0x0000000082500000| Untracked 
|  38|0x0000000082600000, 0x0000000082700000, 0x0000000082700000|100%| O|  |TAMS 0x0000000082700000, 0x0000000082600000| Untracked 
|  39|0x0000000082700000, 0x0000000082800000, 0x0000000082800000|100%| O|  |TAMS 0x0000000082800000, 0x0000000082700000| Untracked 
|  40|0x0000000082800000, 0x0000000082900000, 0x0000000082900000|100%| O|  |TAMS 0x0000000082900000, 0x0000000082800000| Untracked 
|  41|0x0000000082900000, 0x0000000082a00000, 0x0000000082a00000|100%| O|  |TAMS 0x0000000082a00000, 0x0000000082900000| Untracked 
|  42|0x0000000082a00000, 0x0000000082b00000, 0x0000000082b00000|100%| O|  |TAMS 0x0000000082b00000, 0x0000000082a00000| Untracked 
|  43|0x0000000082b00000, 0x0000000082c00000, 0x0000000082c00000|100%| O|  |TAMS 0x0000000082c00000, 0x0000000082b00000| Untracked 
|  44|0x0000000082c00000, 0x0000000082d00000, 0x0000000082d00000|100%| O|  |TAMS 0x0000000082d00000, 0x0000000082c00000| Untracked 
|  45|0x0000000082d00000, 0x0000000082e00000, 0x0000000082e00000|100%| O|  |TAMS 0x0000000082e00000, 0x0000000082d00000| Untracked 
|  46|0x0000000082e00000, 0x0000000082f00000, 0x0000000082f00000|100%| O|  |TAMS 0x0000000082f00000, 0x0000000082e00000| Untracked 
|  47|0x0000000082f00000, 0x0000000083000000, 0x0000000083000000|100%| O|  |TAMS 0x0000000083000000, 0x0000000082f00000| Untracked 
|  48|0x0000000083000000, 0x0000000083100000, 0x0000000083100000|100%| O|  |TAMS 0x0000000083100000, 0x0000000083000000| Untracked 
|  49|0x0000000083100000, 0x0000000083200000, 0x0000000083200000|100%| O|  |TAMS 0x0000000083200000, 0x0000000083100000| Untracked 
|  50|0x0000000083200000, 0x0000000083300000, 0x0000000083300000|100%| O|  |TAMS 0x0000000083300000, 0x0000000083200000| Untracked 
|  51|0x0000000083300000, 0x0000000083400000, 0x0000000083400000|100%| O|  |TAMS 0x0000000083300000, 0x0000000083300000| Untracked 
|  52|0x0000000083400000, 0x0000000083500000, 0x0000000083500000|100%|HS|  |TAMS 0x0000000083500000, 0x0000000083400000| Complete 
|  53|0x0000000083500000, 0x0000000083600000, 0x0000000083600000|100%|HC|  |TAMS 0x0000000083600000, 0x0000000083500000| Complete 
|  54|0x0000000083600000, 0x0000000083700000, 0x0000000083700000|100%|HS|  |TAMS 0x0000000083700000, 0x0000000083600000| Complete 
|  55|0x0000000083700000, 0x0000000083800000, 0x0000000083800000|100%|HC|  |TAMS 0x0000000083800000, 0x0000000083700000| Complete 
|  56|0x0000000083800000, 0x0000000083900000, 0x0000000083900000|100%|HC|  |TAMS 0x0000000083900000, 0x0000000083800000| Complete 
|  57|0x0000000083900000, 0x0000000083a00000, 0x0000000083a00000|100%|HS|  |TAMS 0x0000000083a00000, 0x0000000083900000| Complete 
|  58|0x0000000083a00000, 0x0000000083b00000, 0x0000000083b00000|100%|HC|  |TAMS 0x0000000083b00000, 0x0000000083a00000| Complete 
|  59|0x0000000083b00000, 0x0000000083c00000, 0x0000000083c00000|100%| O|  |TAMS 0x0000000083c00000, 0x0000000083b00000| Untracked 
|  60|0x0000000083c00000, 0x0000000083d00000, 0x0000000083d00000|100%| O|  |TAMS 0x0000000083d00000, 0x0000000083c00000| Untracked 
|  61|0x0000000083d00000, 0x0000000083e00000, 0x0000000083e00000|100%| O|  |TAMS 0x0000000083e00000, 0x0000000083d00000| Untracked 
|  62|0x0000000083e00000, 0x0000000083f00000, 0x0000000083f00000|100%| O|  |TAMS 0x0000000083f00000, 0x0000000083e00000| Untracked 
|  63|0x0000000083f00000, 0x0000000084000000, 0x0000000084000000|100%| O|  |TAMS 0x0000000083f84200, 0x0000000083f00000| Untracked 
|  64|0x0000000084000000, 0x0000000084100000, 0x0000000084100000|100%|HS|  |TAMS 0x0000000084000000, 0x0000000084000000| Complete 
|  65|0x0000000084100000, 0x0000000084200000, 0x0000000084200000|100%|HC|  |TAMS 0x0000000084100000, 0x0000000084100000| Complete 
|  66|0x0000000084200000, 0x0000000084300000, 0x0000000084300000|100%|HC|  |TAMS 0x0000000084200000, 0x0000000084200000| Complete 
|  67|0x0000000084300000, 0x0000000084400000, 0x0000000084400000|100%| O|  |TAMS 0x0000000084300000, 0x0000000084300000| Untracked 
|  68|0x0000000084400000, 0x0000000084500000, 0x0000000084500000|100%| O|  |TAMS 0x0000000084400000, 0x0000000084400000| Untracked 
|  69|0x0000000084500000, 0x0000000084600000, 0x0000000084600000|100%| O|  |TAMS 0x0000000084500000, 0x0000000084500000| Untracked 
|  70|0x0000000084600000, 0x0000000084700000, 0x0000000084700000|100%|HS|  |TAMS 0x0000000084600000, 0x0000000084600000| Complete 
|  71|0x0000000084700000, 0x0000000084800000, 0x0000000084800000|100%|HC|  |TAMS 0x0000000084700000, 0x0000000084700000| Complete 
|  72|0x0000000084800000, 0x0000000084900000, 0x0000000084900000|100%|HS|  |TAMS 0x0000000084800000, 0x0000000084800000| Complete 
|  73|0x0000000084900000, 0x0000000084a00000, 0x0000000084a00000|100%|HC|  |TAMS 0x0000000084900000, 0x0000000084900000| Complete 
|  74|0x0000000084a00000, 0x0000000084b00000, 0x0000000084b00000|100%|HS|  |TAMS 0x0000000084a00000, 0x0000000084a00000| Complete 
|  75|0x0000000084b00000, 0x0000000084c00000, 0x0000000084c00000|100%|HC|  |TAMS 0x0000000084b00000, 0x0000000084b00000| Complete 
|  76|0x0000000084c00000, 0x0000000084d00000, 0x0000000084d00000|100%|HC|  |TAMS 0x0000000084c00000, 0x0000000084c00000| Complete 
|  77|0x0000000084d00000, 0x0000000084e00000, 0x0000000084e00000|100%|HC|  |TAMS 0x0000000084d00000, 0x0000000084d00000| Complete 
|  78|0x0000000084e00000, 0x0000000084f00000, 0x0000000084f00000|100%|HS|  |TAMS 0x0000000084e00000, 0x0000000084e00000| Complete 
|  79|0x0000000084f00000, 0x0000000085000000, 0x0000000085000000|100%|HC|  |TAMS 0x0000000084f00000, 0x0000000084f00000| Complete 
|  80|0x0000000085000000, 0x0000000085100000, 0x0000000085100000|100%|HC|  |TAMS 0x0000000085000000, 0x0000000085000000| Complete 
|  81|0x0000000085100000, 0x0000000085200000, 0x0000000085200000|100%|HC|  |TAMS 0x0000000085100000, 0x0000000085100000| Complete 
|  82|0x0000000085200000, 0x0000000085300000, 0x0000000085300000|100%| O|  |TAMS 0x0000000085200000, 0x0000000085200000| Untracked 
|  83|0x0000000085300000, 0x0000000085400000, 0x0000000085400000|100%| O|  |TAMS 0x0000000085300000, 0x0000000085300000| Untracked 
|  84|0x0000000085400000, 0x0000000085500000, 0x0000000085500000|100%| O|  |TAMS 0x0000000085400000, 0x0000000085400000| Untracked 
|  85|0x0000000085500000, 0x0000000085600000, 0x0000000085600000|100%| O|  |TAMS 0x0000000085500000, 0x0000000085500000| Untracked 
|  86|0x0000000085600000, 0x0000000085700000, 0x0000000085700000|100%| O|  |TAMS 0x0000000085600000, 0x0000000085600000| Untracked 
|  87|0x0000000085700000, 0x0000000085800000, 0x0000000085800000|100%| O|  |TAMS 0x0000000085700000, 0x0000000085700000| Untracked 
|  88|0x0000000085800000, 0x0000000085900000, 0x0000000085900000|100%| O|  |TAMS 0x0000000085800000, 0x0000000085800000| Untracked 
|  89|0x0000000085900000, 0x0000000085a00000, 0x0000000085a00000|100%| O|  |TAMS 0x0000000085900000, 0x0000000085900000| Untracked 
|  90|0x0000000085a00000, 0x0000000085b00000, 0x0000000085b00000|100%| O|  |TAMS 0x0000000085a00000, 0x0000000085a00000| Untracked 
|  91|0x0000000085b00000, 0x0000000085c00000, 0x0000000085c00000|100%| O|  |TAMS 0x0000000085b00000, 0x0000000085b00000| Untracked 
|  92|0x0000000085c00000, 0x0000000085d00000, 0x0000000085d00000|100%| O|  |TAMS 0x0000000085c00000, 0x0000000085c00000| Untracked 
|  93|0x0000000085d00000, 0x0000000085e00000, 0x0000000085e00000|100%| O|  |TAMS 0x0000000085d00000, 0x0000000085d00000| Untracked 
|  94|0x0000000085e00000, 0x0000000085f00000, 0x0000000085f00000|100%| O|  |TAMS 0x0000000085e00000, 0x0000000085e00000| Untracked 
|  95|0x0000000085f00000, 0x0000000086000000, 0x0000000086000000|100%| O|  |TAMS 0x0000000085f00000, 0x0000000085f00000| Untracked 
|  96|0x0000000086000000, 0x0000000086100000, 0x0000000086100000|100%| O|  |TAMS 0x0000000086000000, 0x0000000086000000| Untracked 
|  97|0x0000000086100000, 0x0000000086200000, 0x0000000086200000|100%| O|  |TAMS 0x0000000086100000, 0x0000000086100000| Untracked 
|  98|0x0000000086200000, 0x0000000086300000, 0x0000000086300000|100%| O|  |TAMS 0x0000000086200000, 0x0000000086200000| Untracked 
|  99|0x0000000086300000, 0x0000000086400000, 0x0000000086400000|100%| O|  |TAMS 0x0000000086300000, 0x0000000086300000| Untracked 
| 100|0x0000000086400000, 0x0000000086500000, 0x0000000086500000|100%| O|  |TAMS 0x0000000086400000, 0x0000000086400000| Untracked 
| 101|0x0000000086500000, 0x0000000086600000, 0x0000000086600000|100%| O|  |TAMS 0x0000000086500000, 0x0000000086500000| Untracked 
| 102|0x0000000086600000, 0x0000000086700000, 0x0000000086700000|100%| O|  |TAMS 0x0000000086600000, 0x0000000086600000| Untracked 
| 103|0x0000000086700000, 0x0000000086800000, 0x0000000086800000|100%| O|  |TAMS 0x0000000086700000, 0x0000000086700000| Untracked 
| 104|0x0000000086800000, 0x0000000086900000, 0x0000000086900000|100%| O|  |TAMS 0x0000000086800000, 0x0000000086800000| Untracked 
| 105|0x0000000086900000, 0x0000000086a00000, 0x0000000086a00000|100%| O|  |TAMS 0x0000000086900000, 0x0000000086900000| Untracked 
| 106|0x0000000086a00000, 0x0000000086b00000, 0x0000000086b00000|100%| O|  |TAMS 0x0000000086a00000, 0x0000000086a00000| Untracked 
| 107|0x0000000086b00000, 0x0000000086c00000, 0x0000000086c00000|100%| O|  |TAMS 0x0000000086b00000, 0x0000000086b00000| Untracked 
| 108|0x0000000086c00000, 0x0000000086d00000, 0x0000000086d00000|100%| O|  |TAMS 0x0000000086c00000, 0x0000000086c00000| Untracked 
| 109|0x0000000086d00000, 0x0000000086e00000, 0x0000000086e00000|100%| O|  |TAMS 0x0000000086d00000, 0x0000000086d00000| Untracked 
| 110|0x0000000086e00000, 0x0000000086f00000, 0x0000000086f00000|100%| O|  |TAMS 0x0000000086e00000, 0x0000000086e00000| Untracked 
| 111|0x0000000086f00000, 0x0000000087000000, 0x0000000087000000|100%| O|  |TAMS 0x0000000086f00000, 0x0000000086f00000| Untracked 
| 112|0x0000000087000000, 0x0000000087100000, 0x0000000087100000|100%| O|  |TAMS 0x0000000087000000, 0x0000000087000000| Untracked 
| 113|0x0000000087100000, 0x0000000087200000, 0x0000000087200000|100%| O|  |TAMS 0x0000000087100000, 0x0000000087100000| Untracked 
| 114|0x0000000087200000, 0x0000000087300000, 0x0000000087300000|100%| O|  |TAMS 0x0000000087200000, 0x0000000087200000| Untracked 
| 115|0x0000000087300000, 0x0000000087400000, 0x0000000087400000|100%| O|  |TAMS 0x0000000087300000, 0x0000000087300000| Untracked 
| 116|0x0000000087400000, 0x0000000087500000, 0x0000000087500000|100%| O|  |TAMS 0x0000000087400000, 0x0000000087400000| Untracked 
| 117|0x0000000087500000, 0x0000000087600000, 0x0000000087600000|100%| O|  |TAMS 0x0000000087500000, 0x0000000087500000| Untracked 
| 118|0x0000000087600000, 0x0000000087700000, 0x0000000087700000|100%| O|  |TAMS 0x0000000087600000, 0x0000000087600000| Untracked 
| 119|0x0000000087700000, 0x0000000087800000, 0x0000000087800000|100%|HS|  |TAMS 0x0000000087700000, 0x0000000087700000| Complete 
| 120|0x0000000087800000, 0x0000000087900000, 0x0000000087900000|100%|HS|  |TAMS 0x0000000087800000, 0x0000000087800000| Complete 
| 121|0x0000000087900000, 0x0000000087a00000, 0x0000000087a00000|100%|HS|  |TAMS 0x0000000087900000, 0x0000000087900000| Complete 
| 122|0x0000000087a00000, 0x0000000087b00000, 0x0000000087b00000|100%|HS|  |TAMS 0x0000000087a00000, 0x0000000087a00000| Complete 
| 123|0x0000000087b00000, 0x0000000087c00000, 0x0000000087c00000|100%|HS|  |TAMS 0x0000000087b00000, 0x0000000087b00000| Complete 
| 124|0x0000000087c00000, 0x0000000087d00000, 0x0000000087d00000|100%|HS|  |TAMS 0x0000000087c00000, 0x0000000087c00000| Complete 
| 125|0x0000000087d00000, 0x0000000087e00000, 0x0000000087e00000|100%| O|  |TAMS 0x0000000087d00000, 0x0000000087d00000| Untracked 
| 126|0x0000000087e00000, 0x0000000087f00000, 0x0000000087f00000|100%| O|  |TAMS 0x0000000087e00000, 0x0000000087e00000| Untracked 
| 127|0x0000000087f00000, 0x0000000088000000, 0x0000000088000000|100%| O|  |TAMS 0x0000000087f00000, 0x0000000087f00000| Untracked 
| 128|0x0000000088000000, 0x0000000088100000, 0x0000000088100000|100%| O|  |TAMS 0x0000000088000000, 0x0000000088000000| Untracked 
| 129|0x0000000088100000, 0x0000000088200000, 0x0000000088200000|100%| O|  |TAMS 0x0000000088100000, 0x0000000088100000| Untracked 
| 130|0x0000000088200000, 0x0000000088300000, 0x0000000088300000|100%| O|  |TAMS 0x0000000088200000, 0x0000000088200000| Untracked 
| 131|0x0000000088300000, 0x0000000088400000, 0x0000000088400000|100%| O|  |TAMS 0x0000000088300000, 0x0000000088300000| Untracked 
| 132|0x0000000088400000, 0x0000000088500000, 0x0000000088500000|100%| O|  |TAMS 0x0000000088400000, 0x0000000088400000| Untracked 
| 133|0x0000000088500000, 0x0000000088600000, 0x0000000088600000|100%| O|  |TAMS 0x0000000088500000, 0x0000000088500000| Untracked 
| 134|0x0000000088600000, 0x0000000088700000, 0x0000000088700000|100%| O|  |TAMS 0x0000000088600000, 0x0000000088600000| Untracked 
| 135|0x0000000088700000, 0x0000000088800000, 0x0000000088800000|100%| O|  |TAMS 0x0000000088700000, 0x0000000088700000| Untracked 
| 136|0x0000000088800000, 0x0000000088900000, 0x0000000088900000|100%| O|  |TAMS 0x0000000088800000, 0x0000000088800000| Untracked 
| 137|0x0000000088900000, 0x0000000088a00000, 0x0000000088a00000|100%| O|  |TAMS 0x0000000088900000, 0x0000000088900000| Untracked 
| 138|0x0000000088a00000, 0x0000000088b00000, 0x0000000088b00000|100%| O|  |TAMS 0x0000000088a00000, 0x0000000088a00000| Untracked 
| 139|0x0000000088b00000, 0x0000000088c00000, 0x0000000088c00000|100%| O|  |TAMS 0x0000000088b00000, 0x0000000088b00000| Untracked 
| 140|0x0000000088c00000, 0x0000000088d00000, 0x0000000088d00000|100%|HS|  |TAMS 0x0000000088c00000, 0x0000000088c00000| Complete 
| 141|0x0000000088d00000, 0x0000000088e00000, 0x0000000088e00000|100%| O|  |TAMS 0x0000000088d00000, 0x0000000088d00000| Untracked 
| 142|0x0000000088e00000, 0x0000000088f00000, 0x0000000088f00000|100%| O|  |TAMS 0x0000000088e00000, 0x0000000088e00000| Untracked 
| 143|0x0000000088f00000, 0x0000000088f58200, 0x0000000089000000| 34%| O|  |TAMS 0x0000000088f00000, 0x0000000088f00000| Untracked 
| 144|0x0000000089000000, 0x0000000089100000, 0x0000000089100000|100%|HS|  |TAMS 0x0000000089000000, 0x0000000089000000| Complete 
| 145|0x0000000089100000, 0x0000000089200000, 0x0000000089200000|100%|HC|  |TAMS 0x0000000089100000, 0x0000000089100000| Complete 
| 146|0x0000000089200000, 0x0000000089200000, 0x0000000089300000|  0%| F|  |TAMS 0x0000000089200000, 0x0000000089200000| Untracked 
| 147|0x0000000089300000, 0x0000000089300000, 0x0000000089400000|  0%| F|  |TAMS 0x0000000089300000, 0x0000000089300000| Untracked 
| 148|0x0000000089400000, 0x0000000089400000, 0x0000000089500000|  0%| F|  |TAMS 0x0000000089400000, 0x0000000089400000| Untracked 
| 149|0x0000000089500000, 0x0000000089500000, 0x0000000089600000|  0%| F|  |TAMS 0x0000000089500000, 0x0000000089500000| Untracked 
| 150|0x0000000089600000, 0x0000000089600000, 0x0000000089700000|  0%| F|  |TAMS 0x0000000089600000, 0x0000000089600000| Untracked 
| 151|0x0000000089700000, 0x0000000089700000, 0x0000000089800000|  0%| F|  |TAMS 0x0000000089700000, 0x0000000089700000| Untracked 
| 152|0x0000000089800000, 0x0000000089800000, 0x0000000089900000|  0%| F|  |TAMS 0x0000000089800000, 0x0000000089800000| Untracked 
| 153|0x0000000089900000, 0x0000000089900000, 0x0000000089a00000|  0%| F|  |TAMS 0x0000000089900000, 0x0000000089900000| Untracked 
| 154|0x0000000089a00000, 0x0000000089a00000, 0x0000000089b00000|  0%| F|  |TAMS 0x0000000089a00000, 0x0000000089a00000| Untracked 
| 155|0x0000000089b00000, 0x0000000089b00000, 0x0000000089c00000|  0%| F|  |TAMS 0x0000000089b00000, 0x0000000089b00000| Untracked 
| 156|0x0000000089c00000, 0x0000000089c00000, 0x0000000089d00000|  0%| F|  |TAMS 0x0000000089c00000, 0x0000000089c00000| Untracked 
| 157|0x0000000089d00000, 0x0000000089d00000, 0x0000000089e00000|  0%| F|  |TAMS 0x0000000089d00000, 0x0000000089d00000| Untracked 
| 158|0x0000000089e00000, 0x0000000089e00000, 0x0000000089f00000|  0%| F|  |TAMS 0x0000000089e00000, 0x0000000089e00000| Untracked 
| 159|0x0000000089f00000, 0x0000000089f00000, 0x000000008a000000|  0%| F|  |TAMS 0x0000000089f00000, 0x0000000089f00000| Untracked 
| 160|0x000000008a000000, 0x000000008a000000, 0x000000008a100000|  0%| F|  |TAMS 0x000000008a000000, 0x000000008a000000| Untracked 
| 161|0x000000008a100000, 0x000000008a100000, 0x000000008a200000|  0%| F|  |TAMS 0x000000008a100000, 0x000000008a100000| Untracked 
| 162|0x000000008a200000, 0x000000008a200000, 0x000000008a300000|  0%| F|  |TAMS 0x000000008a200000, 0x000000008a200000| Untracked 
| 163|0x000000008a300000, 0x000000008a300000, 0x000000008a400000|  0%| F|  |TAMS 0x000000008a300000, 0x000000008a300000| Untracked 
| 164|0x000000008a400000, 0x000000008a400000, 0x000000008a500000|  0%| F|  |TAMS 0x000000008a400000, 0x000000008a400000| Untracked 
| 165|0x000000008a500000, 0x000000008a500000, 0x000000008a600000|  0%| F|  |TAMS 0x000000008a500000, 0x000000008a500000| Untracked 
| 166|0x000000008a600000, 0x000000008a600000, 0x000000008a700000|  0%| F|  |TAMS 0x000000008a600000, 0x000000008a600000| Untracked 
| 167|0x000000008a700000, 0x000000008a700000, 0x000000008a800000|  0%| F|  |TAMS 0x000000008a700000, 0x000000008a700000| Untracked 
| 168|0x000000008a800000, 0x000000008a800000, 0x000000008a900000|  0%| F|  |TAMS 0x000000008a800000, 0x000000008a800000| Untracked 
| 169|0x000000008a900000, 0x000000008a900000, 0x000000008aa00000|  0%| F|  |TAMS 0x000000008a900000, 0x000000008a900000| Untracked 
| 170|0x000000008aa00000, 0x000000008aa00000, 0x000000008ab00000|  0%| F|  |TAMS 0x000000008aa00000, 0x000000008aa00000| Untracked 
| 171|0x000000008ab00000, 0x000000008ab00000, 0x000000008ac00000|  0%| F|  |TAMS 0x000000008ab00000, 0x000000008ab00000| Untracked 
| 172|0x000000008ac00000, 0x000000008ac00000, 0x000000008ad00000|  0%| F|  |TAMS 0x000000008ac00000, 0x000000008ac00000| Untracked 
| 173|0x000000008ad00000, 0x000000008adc5ee0, 0x000000008ae00000| 77%| S|CS|TAMS 0x000000008ad00000, 0x000000008ad00000| Complete 
| 174|0x000000008ae00000, 0x000000008af00000, 0x000000008af00000|100%| S|CS|TAMS 0x000000008ae00000, 0x000000008ae00000| Complete 
| 175|0x000000008af00000, 0x000000008af00000, 0x000000008b000000|  0%| F|  |TAMS 0x000000008af00000, 0x000000008af00000| Untracked 
| 176|0x000000008b000000, 0x000000008b000000, 0x000000008b100000|  0%| F|  |TAMS 0x000000008b000000, 0x000000008b000000| Untracked 
| 177|0x000000008b100000, 0x000000008b100000, 0x000000008b200000|  0%| F|  |TAMS 0x000000008b100000, 0x000000008b100000| Untracked 
| 178|0x000000008b200000, 0x000000008b200000, 0x000000008b300000|  0%| F|  |TAMS 0x000000008b200000, 0x000000008b200000| Untracked 
| 179|0x000000008b300000, 0x000000008b300000, 0x000000008b400000|  0%| F|  |TAMS 0x000000008b300000, 0x000000008b300000| Untracked 
| 180|0x000000008b400000, 0x000000008b400000, 0x000000008b500000|  0%| F|  |TAMS 0x000000008b400000, 0x000000008b400000| Untracked 
| 181|0x000000008b500000, 0x000000008b500000, 0x000000008b600000|  0%| F|  |TAMS 0x000000008b500000, 0x000000008b500000| Untracked 
| 182|0x000000008b600000, 0x000000008b600000, 0x000000008b700000|  0%| F|  |TAMS 0x000000008b600000, 0x000000008b600000| Untracked 
| 183|0x000000008b700000, 0x000000008b700000, 0x000000008b800000|  0%| F|  |TAMS 0x000000008b700000, 0x000000008b700000| Untracked 
| 184|0x000000008b800000, 0x000000008b800000, 0x000000008b900000|  0%| F|  |TAMS 0x000000008b800000, 0x000000008b800000| Untracked 
| 185|0x000000008b900000, 0x000000008b900000, 0x000000008ba00000|  0%| F|  |TAMS 0x000000008b900000, 0x000000008b900000| Untracked 
| 186|0x000000008ba00000, 0x000000008ba00000, 0x000000008bb00000|  0%| F|  |TAMS 0x000000008ba00000, 0x000000008ba00000| Untracked 
| 187|0x000000008bb00000, 0x000000008bb00000, 0x000000008bc00000|  0%| F|  |TAMS 0x000000008bb00000, 0x000000008bb00000| Untracked 
| 188|0x000000008bc00000, 0x000000008bc00000, 0x000000008bd00000|  0%| F|  |TAMS 0x000000008bc00000, 0x000000008bc00000| Untracked 
| 189|0x000000008bd00000, 0x000000008bd00000, 0x000000008be00000|  0%| F|  |TAMS 0x000000008bd00000, 0x000000008bd00000| Untracked 
| 190|0x000000008be00000, 0x000000008be00000, 0x000000008bf00000|  0%| F|  |TAMS 0x000000008be00000, 0x000000008be00000| Untracked 
| 191|0x000000008bf00000, 0x000000008bf848b0, 0x000000008c000000| 51%| E|  |TAMS 0x000000008bf00000, 0x000000008bf00000| Complete 
| 192|0x000000008c000000, 0x000000008c100000, 0x000000008c100000|100%| E|CS|TAMS 0x000000008c000000, 0x000000008c000000| Complete 
| 193|0x000000008c100000, 0x000000008c200000, 0x000000008c200000|100%| E|CS|TAMS 0x000000008c100000, 0x000000008c100000| Complete 
| 194|0x000000008c200000, 0x000000008c300000, 0x000000008c300000|100%| E|CS|TAMS 0x000000008c200000, 0x000000008c200000| Complete 
| 195|0x000000008c300000, 0x000000008c400000, 0x000000008c400000|100%| E|CS|TAMS 0x000000008c300000, 0x000000008c300000| Complete 
| 196|0x000000008c400000, 0x000000008c500000, 0x000000008c500000|100%| E|CS|TAMS 0x000000008c400000, 0x000000008c400000| Complete 
| 197|0x000000008c500000, 0x000000008c600000, 0x000000008c600000|100%| E|CS|TAMS 0x000000008c500000, 0x000000008c500000| Complete 
| 198|0x000000008c600000, 0x000000008c700000, 0x000000008c700000|100%| E|CS|TAMS 0x000000008c600000, 0x000000008c600000| Complete 
| 199|0x000000008c700000, 0x000000008c800000, 0x000000008c800000|100%| E|CS|TAMS 0x000000008c700000, 0x000000008c700000| Complete 
| 200|0x000000008c800000, 0x000000008c900000, 0x000000008c900000|100%| E|CS|TAMS 0x000000008c800000, 0x000000008c800000| Complete 
| 201|0x000000008c900000, 0x000000008ca00000, 0x000000008ca00000|100%| E|CS|TAMS 0x000000008c900000, 0x000000008c900000| Complete 
| 202|0x000000008ca00000, 0x000000008cb00000, 0x000000008cb00000|100%| E|CS|TAMS 0x000000008ca00000, 0x000000008ca00000| Complete 
| 203|0x000000008cb00000, 0x000000008cc00000, 0x000000008cc00000|100%| E|CS|TAMS 0x000000008cb00000, 0x000000008cb00000| Complete 
| 204|0x000000008cc00000, 0x000000008cd00000, 0x000000008cd00000|100%| E|CS|TAMS 0x000000008cc00000, 0x000000008cc00000| Complete 
| 205|0x000000008cd00000, 0x000000008ce00000, 0x000000008ce00000|100%| E|CS|TAMS 0x000000008cd00000, 0x000000008cd00000| Complete 
| 251|0x000000008fb00000, 0x000000008fc00000, 0x000000008fc00000|100%| E|CS|TAMS 0x000000008fb00000, 0x000000008fb00000| Complete 

Card table byte_map: [0x000001f37d030000,0x000001f37d430000] _byte_map_base: 0x000001f37cc30000

Marking Bits (Prev, Next): (CMBitMap*) 0x000001f365e893d0, (CMBitMap*) 0x000001f365e89390
 Prev Bits: [0x000001f300000000, 0x000001f302000000)
 Next Bits: [0x000001f37d830000, 0x000001f37f830000)

Polling page: 0x000001f363e10000

Metaspace:

Usage:
  Non-class:     83.23 MB used.
      Class:     13.33 MB used.
       Both:     96.56 MB used.

Virtual space:
  Non-class space:      128.00 MB reserved,      83.81 MB ( 65%) committed,  2 nodes.
      Class space:      416.00 MB reserved,      13.88 MB (  3%) committed,  1 nodes.
             Both:      544.00 MB reserved,      97.69 MB ( 18%) committed. 

Chunk freelists:
   Non-Class:  11.45 MB
       Class:  2.14 MB
        Both:  13.59 MB

MaxMetaspaceSize: 512.00 MB
CompressedClassSpaceSize: 416.00 MB
Initial GC threshold: 21.00 MB
Current GC threshold: 108.12 MB
CDS: on
MetaspaceReclaimPolicy: balanced
 - commit_granule_bytes: 65536.
 - commit_granule_words: 8192.
 - virtual_space_node_default_size: 8388608.
 - enlarge_chunks_in_place: 1.
 - new_chunks_are_fully_committed: 0.
 - uncommit_free_chunks: 1.
 - use_allocation_guard: 0.
 - handle_deallocations: 1.


Internal statistics:

num_allocs_failed_limit: 9.
num_arena_births: 1542.
num_arena_deaths: 2.
num_vsnodes_births: 3.
num_vsnodes_deaths: 0.
num_space_committed: 1563.
num_space_uncommitted: 0.
num_chunks_returned_to_freelist: 15.
num_chunks_taken_from_freelist: 6104.
num_chunk_merges: 9.
num_chunk_splits: 3839.
num_chunks_enlarged: 2344.
num_inconsistent_stats: 0.

CodeHeap 'non-profiled nmethods': size=120000Kb used=8671Kb max_used=8671Kb free=111328Kb
 bounds [0x000001f3751b0000, 0x000001f375a30000, 0x000001f37c6e0000]
CodeHeap 'profiled nmethods': size=120000Kb used=23692Kb max_used=23717Kb free=96307Kb
 bounds [0x000001f36d6e0000, 0x000001f36ee30000, 0x000001f374c10000]
CodeHeap 'non-nmethods': size=5760Kb used=2432Kb max_used=2480Kb free=3327Kb
 bounds [0x000001f374c10000, 0x000001f374e90000, 0x000001f3751b0000]
 total_blobs=13502 nmethods=12549 adapters=864
 compilation: enabled
              stopped_count=0, restarted_count=0
 full_count=0

Compilation events (20 events):
Event: 14.144 Thread 0x000001f304668100 14914       3       jdk.internal.reflect.UnsafeFieldAccessorImpl::ensureObj (23 bytes)
Event: 14.144 Thread 0x000001f3046577e0 14915       4       java.lang.StringLatin1::compareToCI (108 bytes)
Event: 14.144 Thread 0x000001f304668100 nmethod 14914 0x000001f36e378a90 code [0x000001f36e378c80, 0x000001f36e379188]
Event: 14.148 Thread 0x000001f3046577e0 nmethod 14915 0x000001f375a26790 code [0x000001f375a26940, 0x000001f375a26df8]
Event: 14.165 Thread 0x000001f304668100 14916       3       kotlin.reflect.jvm.internal.impl.storage.LockBasedStorageManager$LockBasedLazyValue::postCompute (1 bytes)
Event: 14.165 Thread 0x000001f304668100 nmethod 14916 0x000001f36e092c10 code [0x000001f36e092da0, 0x000001f36e092eb8]
Event: 14.165 Thread 0x000001f304668100 14917       3       kotlin.reflect.jvm.internal.impl.metadata.jvm.JvmProtoBuf$StringTableTypes$Record$1::parsePartialFrom (7 bytes)
Event: 14.165 Thread 0x000001f304668100 nmethod 14917 0x000001f36e560f90 code [0x000001f36e561120, 0x000001f36e561268]
Event: 14.165 Thread 0x000001f304668100 14920   !   3       kotlin.reflect.jvm.internal.impl.metadata.jvm.JvmProtoBuf$StringTableTypes$Record::<init> (759 bytes)
Event: 14.170 Thread 0x000001f304668100 nmethod 14920 0x000001f36ee24510 code [0x000001f36ee24d20, 0x000001f36ee2a7a8]
Event: 14.170 Thread 0x000001f304668100 14918       3       kotlin.reflect.jvm.internal.impl.metadata.jvm.JvmProtoBuf$StringTableTypes$Record$1::parsePartialFrom (11 bytes)
Event: 14.170 Thread 0x000001f304668100 nmethod 14918 0x000001f36d916090 code [0x000001f36d916240, 0x000001f36d916448]
Event: 14.170 Thread 0x000001f304668100 14919       3       kotlin.reflect.jvm.internal.impl.metadata.jvm.JvmProtoBuf$StringTableTypes$Record::<init> (7 bytes)
Event: 14.170 Thread 0x000001f304668100 nmethod 14919 0x000001f36e587610 code [0x000001f36e5877a0, 0x000001f36e5878e8]
Event: 14.179 Thread 0x000001f3046577e0 14921       4       sun.reflect.annotation.AnnotationType::getInstance (65 bytes)
Event: 14.180 Thread 0x000001f304668100 14923       3       org.gradle.internal.instantiation.generator.AsmBackedClassGenerator$ClassBuilderImpl::includeNotInheritedAnnotations (123 bytes)
Event: 14.180 Thread 0x000001f304668100 nmethod 14923 0x000001f36e376c90 code [0x000001f36e376fe0, 0x000001f36e3783d8]
Event: 14.180 Thread 0x000001f304668100 14922       3       org.gradle.internal.instantiation.generator.AsmBackedClassGenerator$ClassBuilderImpl::startClass (269 bytes)
Event: 14.181 Thread 0x000001f3046577e0 nmethod 14921 0x000001f375a27190 code [0x000001f375a27340, 0x000001f375a274d8]
Event: 14.181 Thread 0x000001f3046577e0 14928       4       org.objectweb.asm.MethodVisitor::visitLabel (16 bytes)

GC Heap History (20 events):
Event: 11.891 GC heap before
{Heap before GC invocations=37 (full 0):
 garbage-first heap   total 176128K, used 144709K [0x0000000080000000, 0x0000000100000000)
  region size 1024K, 36 young (36864K), 5 survivors (5120K)
 Metaspace       used 86255K, committed 87296K, reserved 557056K
  class space    used 12177K, committed 12672K, reserved 425984K
}
Event: 11.894 GC heap after
{Heap after GC invocations=38 (full 0):
 garbage-first heap   total 211968K, used 115019K [0x0000000080000000, 0x0000000100000000)
  region size 1024K, 3 young (3072K), 3 survivors (3072K)
 Metaspace       used 86255K, committed 87296K, reserved 557056K
  class space    used 12177K, committed 12672K, reserved 425984K
}
Event: 12.575 GC heap before
{Heap before GC invocations=38 (full 0):
 garbage-first heap   total 211968K, used 172363K [0x0000000080000000, 0x0000000100000000)
  region size 1024K, 59 young (60416K), 3 survivors (3072K)
 Metaspace       used 87135K, committed 88256K, reserved 557056K
  class space    used 12263K, committed 12800K, reserved 425984K
}
Event: 12.578 GC heap after
{Heap after GC invocations=39 (full 0):
 garbage-first heap   total 211968K, used 120542K [0x0000000080000000, 0x0000000100000000)
  region size 1024K, 8 young (8192K), 8 survivors (8192K)
 Metaspace       used 87135K, committed 88256K, reserved 557056K
  class space    used 12263K, committed 12800K, reserved 425984K
}
Event: 12.772 GC heap before
{Heap before GC invocations=39 (full 0):
 garbage-first heap   total 211968K, used 172766K [0x0000000080000000, 0x0000000100000000)
  region size 1024K, 59 young (60416K), 8 survivors (8192K)
 Metaspace       used 87391K, committed 88512K, reserved 557056K
  class space    used 12271K, committed 12800K, reserved 425984K
}
Event: 12.775 GC heap after
{Heap after GC invocations=40 (full 0):
 garbage-first heap   total 211968K, used 123742K [0x0000000080000000, 0x0000000100000000)
  region size 1024K, 6 young (6144K), 6 survivors (6144K)
 Metaspace       used 87391K, committed 88512K, reserved 557056K
  class space    used 12271K, committed 12800K, reserved 425984K
}
Event: 12.907 GC heap before
{Heap before GC invocations=40 (full 0):
 garbage-first heap   total 211968K, used 172894K [0x0000000080000000, 0x0000000100000000)
  region size 1024K, 55 young (56320K), 6 survivors (6144K)
 Metaspace       used 87419K, committed 88576K, reserved 557056K
  class space    used 12271K, committed 12800K, reserved 425984K
}
Event: 12.910 GC heap after
{Heap after GC invocations=41 (full 0):
 garbage-first heap   total 211968K, used 124902K [0x0000000080000000, 0x0000000100000000)
  region size 1024K, 4 young (4096K), 4 survivors (4096K)
 Metaspace       used 87419K, committed 88576K, reserved 557056K
  class space    used 12271K, committed 12800K, reserved 425984K
}
Event: 12.996 GC heap before
{Heap before GC invocations=41 (full 0):
 garbage-first heap   total 211968K, used 174054K [0x0000000080000000, 0x0000000100000000)
  region size 1024K, 53 young (54272K), 4 survivors (4096K)
 Metaspace       used 87421K, committed 88576K, reserved 557056K
  class space    used 12271K, committed 12800K, reserved 425984K
}
Event: 12.999 GC heap after
{Heap after GC invocations=42 (full 0):
 garbage-first heap   total 211968K, used 126105K [0x0000000080000000, 0x0000000100000000)
  region size 1024K, 5 young (5120K), 5 survivors (5120K)
 Metaspace       used 87421K, committed 88576K, reserved 557056K
  class space    used 12271K, committed 12800K, reserved 425984K
}
Event: 13.301 GC heap before
{Heap before GC invocations=42 (full 0):
 garbage-first heap   total 211968K, used 181401K [0x0000000080000000, 0x0000000100000000)
  region size 1024K, 54 young (55296K), 5 survivors (5120K)
 Metaspace       used 89081K, committed 90176K, reserved 557056K
  class space    used 12468K, committed 12992K, reserved 425984K
}
Event: 13.304 GC heap after
{Heap after GC invocations=43 (full 0):
 garbage-first heap   total 211968K, used 138388K [0x0000000080000000, 0x0000000100000000)
  region size 1024K, 7 young (7168K), 7 survivors (7168K)
 Metaspace       used 89081K, committed 90176K, reserved 557056K
  class space    used 12468K, committed 12992K, reserved 425984K
}
Event: 13.466 GC heap before
{Heap before GC invocations=43 (full 0):
 garbage-first heap   total 211968K, used 174228K [0x0000000080000000, 0x0000000100000000)
  region size 1024K, 42 young (43008K), 7 survivors (7168K)
 Metaspace       used 91313K, committed 92416K, reserved 557056K
  class space    used 12713K, committed 13248K, reserved 425984K
}
Event: 13.468 GC heap after
{Heap after GC invocations=44 (full 0):
 garbage-first heap   total 211968K, used 141093K [0x0000000080000000, 0x0000000100000000)
  region size 1024K, 2 young (2048K), 2 survivors (2048K)
 Metaspace       used 91313K, committed 92416K, reserved 557056K
  class space    used 12713K, committed 13248K, reserved 425984K
}
Event: 13.686 GC heap before
{Heap before GC invocations=44 (full 0):
 garbage-first heap   total 211968K, used 176933K [0x0000000080000000, 0x0000000100000000)
  region size 1024K, 37 young (37888K), 2 survivors (2048K)
 Metaspace       used 94668K, committed 95872K, reserved 557056K
  class space    used 13086K, committed 13632K, reserved 425984K
}
Event: 13.687 GC heap after
{Heap after GC invocations=45 (full 0):
 garbage-first heap   total 211968K, used 143714K [0x0000000080000000, 0x0000000100000000)
  region size 1024K, 4 young (4096K), 4 survivors (4096K)
 Metaspace       used 94668K, committed 95872K, reserved 557056K
  class space    used 13086K, committed 13632K, reserved 425984K
}
Event: 13.850 GC heap before
{Heap before GC invocations=45 (full 0):
 garbage-first heap   total 211968K, used 182626K [0x0000000080000000, 0x0000000100000000)
  region size 1024K, 38 young (38912K), 4 survivors (4096K)
 Metaspace       used 96133K, committed 97280K, reserved 557056K
  class space    used 13287K, committed 13824K, reserved 425984K
}
Event: 13.852 GC heap after
{Heap after GC invocations=46 (full 0):
 garbage-first heap   total 211968K, used 146824K [0x0000000080000000, 0x0000000100000000)
  region size 1024K, 5 young (5120K), 5 survivors (5120K)
 Metaspace       used 96133K, committed 97280K, reserved 557056K
  class space    used 13287K, committed 13824K, reserved 425984K
}
Event: 14.060 GC heap before
{Heap before GC invocations=46 (full 0):
 garbage-first heap   total 211968K, used 179592K [0x0000000080000000, 0x0000000100000000)
  region size 1024K, 37 young (37888K), 5 survivors (5120K)
 Metaspace       used 98022K, committed 99200K, reserved 557056K
  class space    used 13526K, committed 14080K, reserved 425984K
}
Event: 14.063 GC heap after
{Heap after GC invocations=47 (full 0):
 garbage-first heap   total 211968K, used 148600K [0x0000000080000000, 0x0000000100000000)
  region size 1024K, 2 young (2048K), 2 survivors (2048K)
 Metaspace       used 98022K, committed 99200K, reserved 557056K
  class space    used 13526K, committed 14080K, reserved 425984K
}

Deoptimization events (20 events):
Event: 14.079 Thread 0x000001f3244d67e0 DEOPT PACKING pc=0x000001f36e3ef82e sp=0x000000694e1f29c0
Event: 14.079 Thread 0x000001f3244d67e0 DEOPT UNPACKING pc=0x000001f374c666e3 sp=0x000000694e1f1f60 mode 0
Event: 14.084 Thread 0x000001f3244d67e0 Uncommon trap: trap_request=0xffffff45 fr.pc=0x000001f375586354 relative=0x0000000000000154
Event: 14.084 Thread 0x000001f3244d67e0 Uncommon trap: reason=unstable_if action=reinterpret pc=0x000001f375586354 method=org.objectweb.asm.ByteVector.putByteArray([BII)Lorg/objectweb/asm/ByteVector; @ 20 c2
Event: 14.084 Thread 0x000001f3244d67e0 DEOPT PACKING pc=0x000001f375586354 sp=0x000000694e1f1da0
Event: 14.084 Thread 0x000001f3244d67e0 DEOPT UNPACKING pc=0x000001f374c65ba3 sp=0x000000694e1f1d70 mode 2
Event: 14.084 Thread 0x000001f3244d67e0 Uncommon trap: trap_request=0xffffff45 fr.pc=0x000001f3755147c8 relative=0x0000000000000a88
Event: 14.084 Thread 0x000001f3244d67e0 Uncommon trap: reason=unstable_if action=reinterpret pc=0x000001f3755147c8 method=org.objectweb.asm.Label.resolve([BLorg/objectweb/asm/ByteVector;I)Z @ 81 c2
Event: 14.084 Thread 0x000001f3244d67e0 DEOPT PACKING pc=0x000001f3755147c8 sp=0x000000694e1f1dd0
Event: 14.084 Thread 0x000001f3244d67e0 DEOPT UNPACKING pc=0x000001f374c65ba3 sp=0x000000694e1f1cf8 mode 2
Event: 14.084 Thread 0x000001f3244d67e0 Uncommon trap: trap_request=0xffffff45 fr.pc=0x000001f3754dbe50 relative=0x0000000000000230
Event: 14.084 Thread 0x000001f3244d67e0 Uncommon trap: reason=unstable_if action=reinterpret pc=0x000001f3754dbe50 method=org.objectweb.asm.Label.resolve([BLorg/objectweb/asm/ByteVector;I)Z @ 81 c2
Event: 14.084 Thread 0x000001f3244d67e0 DEOPT PACKING pc=0x000001f3754dbe50 sp=0x000000694e1f1d50
Event: 14.084 Thread 0x000001f3244d67e0 DEOPT UNPACKING pc=0x000001f374c65ba3 sp=0x000000694e1f1ce0 mode 2
Event: 14.143 Thread 0x000001f3244d67e0 Uncommon trap: trap_request=0xffffffc6 fr.pc=0x000001f37597b994 relative=0x0000000000004174
Event: 14.143 Thread 0x000001f3244d67e0 Uncommon trap: reason=bimorphic_or_optimized_type_check action=maybe_recompile pc=0x000001f37597b994 method=com.google.common.cache.LocalCache$Segment.copyEntry(Lcom/google/common/cache/ReferenceEntry;Lcom/google/common/cache/ReferenceEntry;)Lcom/google/c
Event: 14.143 Thread 0x000001f3244d67e0 DEOPT PACKING pc=0x000001f37597b994 sp=0x000000694e1f3af0
Event: 14.143 Thread 0x000001f3244d67e0 DEOPT UNPACKING pc=0x000001f374c65ba3 sp=0x000000694e1f3990 mode 2
Event: 14.144 Thread 0x000001f3244d67e0 DEOPT PACKING pc=0x000001f36ed372a5 sp=0x000000694e1f4c50
Event: 14.144 Thread 0x000001f3244d67e0 DEOPT UNPACKING pc=0x000001f374c666e3 sp=0x000000694e1f4118 mode 0

Classes unloaded (5 events):
Event: 5.937 Thread 0x000001f304516730 Unloading class 0x000001f306538000 '_BuildScript_$_run_closure1$_closure2'
Event: 5.937 Thread 0x000001f304516730 Unloading class 0x000001f306530a98 '_BuildScript_$_run_closure1'
Event: 5.937 Thread 0x000001f304516730 Unloading class 0x000001f306530568 '_BuildScript_'
Event: 5.937 Thread 0x000001f304516730 Unloading class 0x000001f3065302b0 'GradleAnnotationProcessorPatchPlugin$AnnotationProcessorModelBuilder'
Event: 5.937 Thread 0x000001f304516730 Unloading class 0x000001f306530000 'GradleAnnotationProcessorPatchPlugin'

Classes redefined (0 events):
No events

Internal exceptions (20 events):
Event: 13.152 Thread 0x000001f3244d67e0 Exception <a 'java/lang/ClassNotFoundException'{0x000000008b34c930}: org/gradle/api/internal/artifacts/repositories/DefaultMavenArtifactRepositoryBeanInfo> (0x000000008b34c930) 
thrown [s\open\src\hotspot\share\classfile\systemDictionary.cpp, line 256]
Event: 13.152 Thread 0x000001f3244d67e0 Exception <a 'java/lang/ClassNotFoundException'{0x000000008b371380}: org/gradle/api/internal/artifacts/repositories/AbstractAuthenticationSupportedRepositoryBeanInfo> (0x000000008b371380) 
thrown [s\open\src\hotspot\share\classfile\systemDictionary.cpp, line 256]
Event: 13.153 Thread 0x000001f3244d67e0 Exception <a 'java/lang/ClassNotFoundException'{0x000000008b397018}: org/gradle/api/internal/artifacts/repositories/AbstractResolutionAwareArtifactRepositoryBeanInfo> (0x000000008b397018) 
thrown [s\open\src\hotspot\share\classfile\systemDictionary.cpp, line 256]
Event: 13.153 Thread 0x000001f3244d67e0 Exception <a 'java/lang/ClassNotFoundException'{0x000000008b3bc380}: org/gradle/api/internal/artifacts/repositories/AbstractArtifactRepositoryBeanInfo> (0x000000008b3bc380) 
thrown [s\open\src\hotspot\share\classfile\systemDictionary.cpp, line 256]
Event: 13.154 Thread 0x000001f3244d67e0 Exception <a 'java/lang/ClassNotFoundException'{0x000000008b3e1c18}: org/gradle/api/internal/artifacts/repositories/AbstractArtifactRepositoryCustomizer> (0x000000008b3e1c18) 
thrown [s\open\src\hotspot\share\classfile\systemDictionary.cpp, line 256]
Event: 13.155 Thread 0x000001f3244d67e0 Exception <a 'java/lang/ClassNotFoundException'{0x000000008b2299b0}: org/gradle/api/internal/artifacts/repositories/AbstractResolutionAwareArtifactRepositoryCustomizer> (0x000000008b2299b0) 
thrown [s\open\src\hotspot\share\classfile\systemDictionary.cpp, line 256]
Event: 13.156 Thread 0x000001f3244d67e0 Exception <a 'java/lang/ClassNotFoundException'{0x000000008b259450}: org/gradle/api/internal/artifacts/repositories/AbstractAuthenticationSupportedRepositoryCustomizer> (0x000000008b259450) 
thrown [s\open\src\hotspot\share\classfile\systemDictionary.cpp, line 256]
Event: 13.157 Thread 0x000001f3244d67e0 Exception <a 'java/lang/ClassNotFoundException'{0x000000008b292000}: org/gradle/api/internal/artifacts/repositories/DefaultMavenArtifactRepositoryCustomizer> (0x000000008b292000) 
thrown [s\open\src\hotspot\share\classfile\systemDictionary.cpp, line 256]
Event: 13.158 Thread 0x000001f3244d67e0 Exception <a 'java/lang/ClassNotFoundException'{0x000000008b2ce690}: org/gradle/api/internal/artifacts/repositories/DefaultMavenArtifactRepository_DecoratedCustomizer> (0x000000008b2ce690) 
thrown [s\open\src\hotspot\share\classfile\systemDictionary.cpp, line 256]
Event: 13.237 Thread 0x000001f3244d67e0 Exception <a 'java/lang/ClassNotFoundException'{0x000000008a766d60}: org/gradle/api/internal/plugins/DefaultObjectConfigurationActionBeanInfo> (0x000000008a766d60) 
thrown [s\open\src\hotspot\share\classfile\systemDictionary.cpp, line 256]
Event: 13.238 Thread 0x000001f3244d67e0 Exception <a 'java/lang/ClassNotFoundException'{0x000000008a77d2d8}: org/gradle/api/internal/plugins/DefaultObjectConfigurationActionCustomizer> (0x000000008a77d2d8) 
thrown [s\open\src\hotspot\share\classfile\systemDictionary.cpp, line 256]
Event: 13.247 Thread 0x000001f3244d67e0 Exception <a 'java/lang/NoSuchMethodError'{0x000000008a669800}: 'java.lang.Object java.lang.invoke.DirectMethodHandle$Holder.invokeSpecial(java.lang.Object, java.lang.Object, long, java.lang.Object, java.lang.Object, java.lang.Object, java.lang.Object, java.lang.Object, java.lang.Object, java.lang.Object, java.lang.Object)'> (0x000000008a669800) 
thrown [s\open\src\hotspot\share\interpreter\linkResolver.cpp, line 759]
Event: 13.247 Thread 0x000001f3244d67e0 Exception <a 'java/lang/NoSuchMethodError'{0x000000008a66eb58}: 'java.lang.Object java.lang.invoke.DelegatingMethodHandle$Holder.reinvoke_L(java.lang.Object, long, java.lang.Object, java.lang.Object, java.lang.Object, java.lang.Object, java.lang.Object, java.lang.Object, java.lang.Object, java.lang.Object)'> (0x000000008a66eb58) 
thrown [s\open\src\hotspot\share\interpreter\linkResolver.cpp, line 759]
Event: 13.248 Thread 0x000001f3244d67e0 Exception <a 'java/lang/NoSuchMethodError'{0x000000008a691940}: 'java.lang.Object java.lang.invoke.Invokers$Holder.linkToTargetMethod(java.lang.Object, java.lang.Object, java.lang.Object, java.lang.Object, java.lang.Object, java.lang.Object, java.lang.Object, java.lang.Object, java.lang.Object)'> (0x000000008a691940) 
thrown [s\open\src\hotspot\share\interpreter\linkResolver.cpp, line 759]
Event: 13.264 Thread 0x000001f3244d67e0 Exception <a 'java/lang/ClassNotFoundException'{0x000000008a4a97d0}: build_f52evubxj9avm2rm0vnuxqdg9BeanInfo> (0x000000008a4a97d0) 
thrown [s\open\src\hotspot\share\classfile\systemDictionary.cpp, line 256]
Event: 13.264 Thread 0x000001f3244d67e0 Exception <a 'java/lang/ClassNotFoundException'{0x000000008a4b9720}: build_f52evubxj9avm2rm0vnuxqdg9Customizer> (0x000000008a4b9720) 
thrown [s\open\src\hotspot\share\classfile\systemDictionary.cpp, line 256]
Event: 13.650 Thread 0x000001f3244d67e0 Implicit null exception at 0x000001f3753a4e8c to 0x000001f3753a4fbe
Event: 13.701 Thread 0x000001f3244d67e0 Implicit null exception at 0x000001f3756165ca to 0x000001f375616e32
Event: 13.716 Thread 0x000001f3244d67e0 Exception <a 'sun/nio/fs/WindowsException'{0x000000008c4220f8}> (0x000000008c4220f8) 
thrown [s\open\src\hotspot\share\prims\jni.cpp, line 516]
Event: 14.084 Thread 0x000001f3244d67e0 Implicit null exception at 0x000001f375586248 to 0x000001f375586334

VM Operations (20 events):
Event: 12.996 Executing VM operation: G1CollectForAllocation
Event: 12.999 Executing VM operation: G1CollectForAllocation done
Event: 13.114 Executing VM operation: HandshakeAllThreads
Event: 13.115 Executing VM operation: HandshakeAllThreads done
Event: 13.301 Executing VM operation: G1CollectForAllocation
Event: 13.304 Executing VM operation: G1CollectForAllocation done
Event: 13.466 Executing VM operation: G1CollectForAllocation
Event: 13.468 Executing VM operation: G1CollectForAllocation done
Event: 13.628 Executing VM operation: HandshakeAllThreads
Event: 13.629 Executing VM operation: HandshakeAllThreads done
Event: 13.658 Executing VM operation: HandshakeAllThreads
Event: 13.658 Executing VM operation: HandshakeAllThreads done
Event: 13.659 Executing VM operation: HandshakeAllThreads
Event: 13.659 Executing VM operation: HandshakeAllThreads done
Event: 13.685 Executing VM operation: G1CollectForAllocation
Event: 13.687 Executing VM operation: G1CollectForAllocation done
Event: 13.850 Executing VM operation: G1CollectForAllocation
Event: 13.852 Executing VM operation: G1CollectForAllocation done
Event: 14.060 Executing VM operation: G1CollectForAllocation
Event: 14.063 Executing VM operation: G1CollectForAllocation done

Events (20 events):
Event: 13.678 loading class javax/crypto/SecretKey
Event: 13.679 loading class javax/crypto/SecretKey done
Event: 13.679 loading class java/util/Base64
Event: 13.679 loading class java/util/Base64 done
Event: 13.679 loading class java/util/Base64$Decoder
Event: 13.679 loading class java/util/Base64$Decoder done
Event: 13.679 loading class java/util/Base64$Encoder
Event: 13.680 loading class java/util/Base64$Encoder done
Event: 13.680 loading class java/util/jar/JarVerifier$VerifierStream
Event: 13.680 loading class java/util/jar/JarVerifier$VerifierStream done
Event: 13.680 loading class sun/security/util/ManifestEntryVerifier$SunProviderHolder
Event: 13.681 loading class sun/security/util/ManifestEntryVerifier$SunProviderHolder done
Event: 13.715 loading class java/security/KeyStore$ProtectionParameter
Event: 13.715 loading class java/security/KeyStore$ProtectionParameter done
Event: 13.951 loading class java/security/KeyStore
Event: 13.952 loading class java/security/KeyStore done
Event: 13.952 loading class java/security/KeyStore$1
Event: 13.953 loading class java/security/KeyStore$1 done
Event: 14.045 loading class javax/xml/stream/XMLStreamException
Event: 14.045 loading class javax/xml/stream/XMLStreamException done


Dynamic libraries:
0x00007ff673ed0000 - 0x00007ff673ee0000 	C:\Program Files\Java\jdk-17\bin\java.exe
0x00007ffdb7dc0000 - 0x00007ffdb8027000 	C:\WINDOWS\SYSTEM32\ntdll.dll
0x00007ffdb5fa0000 - 0x00007ffdb6069000 	C:\WINDOWS\System32\KERNEL32.DLL
0x00007ffdb51f0000 - 0x00007ffdb55df000 	C:\WINDOWS\System32\KERNELBASE.dll
0x00007ffdb4fc0000 - 0x00007ffdb510b000 	C:\WINDOWS\System32\ucrtbase.dll
0x00007ffd9be40000 - 0x00007ffd9be59000 	C:\Program Files\Java\jdk-17\bin\jli.dll
0x00007ffd9aa90000 - 0x00007ffd9aaab000 	C:\Program Files\Java\jdk-17\bin\VCRUNTIME140.dll
0x00007ffdb71a0000 - 0x00007ffdb7254000 	C:\WINDOWS\System32\ADVAPI32.dll
0x00007ffdb6dc0000 - 0x00007ffdb6e69000 	C:\WINDOWS\System32\msvcrt.dll
0x00007ffdb5c70000 - 0x00007ffdb5d16000 	C:\WINDOWS\System32\sechost.dll
0x00007ffdb64d0000 - 0x00007ffdb65e8000 	C:\WINDOWS\System32\RPCRT4.dll
0x00007ffdb6fc0000 - 0x00007ffdb7185000 	C:\WINDOWS\System32\USER32.dll
0x00007ffd9bf80000 - 0x00007ffd9c213000 	C:\WINDOWS\WinSxS\amd64_microsoft.windows.common-controls_6595b64144ccf1df_6.0.26100.7309_none_3e05feeae336a044\COMCTL32.dll
0x00007ffdb5110000 - 0x00007ffdb5137000 	C:\WINDOWS\System32\win32u.dll
0x00007ffdb77c0000 - 0x00007ffdb77eb000 	C:\WINDOWS\System32\GDI32.dll
0x00007ffdb55f0000 - 0x00007ffdb571c000 	C:\WINDOWS\System32\gdi32full.dll
0x00007ffdb5140000 - 0x00007ffdb51e3000 	C:\WINDOWS\System32\msvcp_win.dll
0x00007ffdab7d0000 - 0x00007ffdab7db000 	C:\WINDOWS\SYSTEM32\VERSION.dll
0x00007ffdb5c30000 - 0x00007ffdb5c61000 	C:\WINDOWS\System32\IMM32.DLL
0x00007ffda2160000 - 0x00007ffda216c000 	C:\Program Files\Java\jdk-17\bin\vcruntime140_1.dll
0x00007ffd96e30000 - 0x00007ffd96ebe000 	C:\Program Files\Java\jdk-17\bin\msvcp140.dll
0x00007ffd62c00000 - 0x00007ffd637e0000 	C:\Program Files\Java\jdk-17\bin\server\jvm.dll
0x00007ffdb6fb0000 - 0x00007ffdb6fb8000 	C:\WINDOWS\System32\PSAPI.DLL
0x00007ffd8b3c0000 - 0x00007ffd8b3ca000 	C:\WINDOWS\SYSTEM32\WSOCK32.dll
0x00007ffdac640000 - 0x00007ffdac675000 	C:\WINDOWS\SYSTEM32\WINMM.dll
0x00007ffdb7260000 - 0x00007ffdb72d4000 	C:\WINDOWS\System32\WS2_32.dll
0x00007ffdb3cc0000 - 0x00007ffdb3cdb000 	C:\WINDOWS\SYSTEM32\kernel.appcore.dll
0x00007ffd9eca0000 - 0x00007ffd9ecaa000 	C:\Program Files\Java\jdk-17\bin\jimage.dll
0x00007ffdb2540000 - 0x00007ffdb2782000 	C:\WINDOWS\SYSTEM32\DBGHELP.DLL
0x00007ffdb72e0000 - 0x00007ffdb7666000 	C:\WINDOWS\System32\combase.dll
0x00007ffdb5d20000 - 0x00007ffdb5df6000 	C:\WINDOWS\System32\OLEAUT32.dll
0x00007ffd94400000 - 0x00007ffd9443c000 	C:\WINDOWS\SYSTEM32\dbgcore.DLL
0x00007ffdb4f10000 - 0x00007ffdb4fb5000 	C:\WINDOWS\System32\bcryptPrimitives.dll
0x00007ffd9ec10000 - 0x00007ffd9ec1e000 	C:\Program Files\Java\jdk-17\bin\instrument.dll
0x00007ffd971f0000 - 0x00007ffd97215000 	C:\Program Files\Java\jdk-17\bin\java.dll
0x00007ffd96d50000 - 0x00007ffd96e27000 	C:\Program Files\Java\jdk-17\bin\jsvml.dll
0x00007ffdb6660000 - 0x00007ffdb6db3000 	C:\WINDOWS\System32\SHELL32.dll
0x00007ffdb5720000 - 0x00007ffdb588a000 	C:\WINDOWS\System32\wintypes.dll
0x00007ffdb2ae0000 - 0x00007ffdb333e000 	C:\WINDOWS\SYSTEM32\windows.storage.dll
0x00007ffdb77f0000 - 0x00007ffdb78e5000 	C:\WINDOWS\System32\SHCORE.dll
0x00007ffdb65f0000 - 0x00007ffdb6656000 	C:\WINDOWS\System32\shlwapi.dll
0x00007ffdb4e30000 - 0x00007ffdb4e59000 	C:\WINDOWS\SYSTEM32\profapi.dll
0x00007ffd9aa70000 - 0x00007ffd9aa88000 	C:\Program Files\Java\jdk-17\bin\zip.dll
0x00007ffd99090000 - 0x00007ffd990a9000 	C:\Program Files\Java\jdk-17\bin\net.dll
0x00007ffdadf90000 - 0x00007ffdae0b8000 	C:\WINDOWS\SYSTEM32\WINHTTP.dll
0x00007ffdb4230000 - 0x00007ffdb429b000 	C:\WINDOWS\system32\mswsock.dll
0x00007ffd96d30000 - 0x00007ffd96d46000 	C:\Program Files\Java\jdk-17\bin\nio.dll
0x00007ffd9eb20000 - 0x00007ffd9eb30000 	C:\Program Files\Java\jdk-17\bin\verify.dll
0x00007ffd994e0000 - 0x00007ffd99507000 	C:\Users\surde\.gradle\native\1def1411415f61bf3af743bc5b6707747c0891f09f0c88961ee8f79bc544acac\windows-amd64\native-platform.dll
0x00007ffd96cb0000 - 0x00007ffd96d28000 	C:\Users\surde\.gradle\native\0.2.7\x86_64-windows-gnu\gradle-fileevents.dll
0x00007ffd97270000 - 0x00007ffd9727a000 	C:\Program Files\Java\jdk-17\bin\management.dll
0x00007ffd97260000 - 0x00007ffd9726b000 	C:\Program Files\Java\jdk-17\bin\management_ext.dll
0x00007ffdb3740000 - 0x00007ffdb3774000 	C:\WINDOWS\SYSTEM32\IPHLPAPI.DLL
0x00007ffdb5b60000 - 0x00007ffdb5b6a000 	C:\WINDOWS\System32\NSI.dll
0x00007ffdae660000 - 0x00007ffdae67e000 	C:\WINDOWS\SYSTEM32\dhcpcsvc6.DLL
0x00007ffdae570000 - 0x00007ffdae593000 	C:\WINDOWS\SYSTEM32\dhcpcsvc.DLL
0x00007ffdb3820000 - 0x00007ffdb394c000 	C:\WINDOWS\SYSTEM32\DNSAPI.dll
0x00007ffdb44f0000 - 0x00007ffdb450b000 	C:\WINDOWS\SYSTEM32\CRYPTSP.dll
0x00007ffdb3c20000 - 0x00007ffdb3c5a000 	C:\WINDOWS\system32\rsaenh.dll
0x00007ffdb42e0000 - 0x00007ffdb430b000 	C:\WINDOWS\SYSTEM32\USERENV.dll
0x00007ffdb4e00000 - 0x00007ffdb4e2a000 	C:\WINDOWS\SYSTEM32\bcrypt.dll
0x00007ffdb4510000 - 0x00007ffdb451c000 	C:\WINDOWS\SYSTEM32\CRYPTBASE.dll
0x00007ffd97250000 - 0x00007ffd9725e000 	C:\Program Files\Java\jdk-17\bin\sunmscapi.dll
0x00007ffdb5920000 - 0x00007ffdb5a97000 	C:\WINDOWS\System32\CRYPT32.dll
0x00007ffdb4710000 - 0x00007ffdb4740000 	C:\WINDOWS\SYSTEM32\ncrypt.dll
0x00007ffdb46c0000 - 0x00007ffdb46ff000 	C:\WINDOWS\SYSTEM32\NTASN1.dll
0x00007ffd943e0000 - 0x00007ffd943e8000 	C:\WINDOWS\system32\wshunix.dll
0x00007ffd93e70000 - 0x00007ffd93e88000 	C:\WINDOWS\system32\napinsp.dll
0x00007ffd93e50000 - 0x00007ffd93e62000 	C:\WINDOWS\System32\winrnr.dll
0x00007ffd93e90000 - 0x00007ffd93eb2000 	C:\WINDOWS\system32\nlansp_c.dll
0x00007ffd93ec0000 - 0x00007ffd93ed6000 	C:\WINDOWS\system32\wshbth.dll
0x00007ffdab8a0000 - 0x00007ffdab8ab000 	C:\Windows\System32\rasadhlp.dll
0x00007ffdaed30000 - 0x00007ffdaedb6000 	C:\WINDOWS\System32\fwpuclnt.dll

dbghelp: loaded successfully - version: 4.0.5 - missing functions: none
symbol engine: initialized successfully - sym options: 0x614 - pdb path: .;C:\Program Files\Java\jdk-17\bin;C:\WINDOWS\SYSTEM32;C:\WINDOWS\WinSxS\amd64_microsoft.windows.common-controls_6595b64144ccf1df_6.0.26100.7309_none_3e05feeae336a044;C:\Program Files\Java\jdk-17\bin\server;C:\Users\surde\.gradle\native\1def1411415f61bf3af743bc5b6707747c0891f09f0c88961ee8f79bc544acac\windows-amd64;C:\Users\surde\.gradle\native\0.2.7\x86_64-windows-gnu

VM Arguments:
jvm_args: --add-opens=java.base/java.lang=ALL-UNNAMED --add-opens=java.base/java.lang.invoke=ALL-UNNAMED --add-opens=java.base/java.util=ALL-UNNAMED --add-opens=java.prefs/java.util.prefs=ALL-UNNAMED --add-exports=jdk.compiler/com.sun.tools.javac.api=ALL-UNNAMED --add-exports=jdk.compiler/com.sun.tools.javac.util=ALL-UNNAMED --add-opens=java.base/java.util=ALL-UNNAMED --add-opens=java.prefs/java.util.prefs=ALL-UNNAMED --add-opens=java.base/java.nio.charset=ALL-UNNAMED --add-opens=java.base/java.net=ALL-UNNAMED --add-opens=java.base/java.util.concurrent.atomic=ALL-UNNAMED --add-opens=java.xml/javax.xml.namespace=ALL-UNNAMED -XX:MaxMetaspaceSize=512m -Xmx2048m -Dfile.encoding=UTF-8 -Duser.country=IN -Duser.language=en -Duser.variant -javaagent:C:\Users\surde\.gradle\wrapper\dists\gradle-8.13-bin\5xuhj0ry160q40clulazy9h7d\gradle-8.13\lib\agents\gradle-instrumentation-agent-8.13.jar 
java_command: org.gradle.launcher.daemon.bootstrap.GradleDaemon 8.13
java_class_path (initial): C:\Users\surde\.gradle\wrapper\dists\gradle-8.13-bin\5xuhj0ry160q40clulazy9h7d\gradle-8.13\lib\gradle-daemon-main-8.13.jar
Launcher Type: SUN_STANDARD

[Global flags]
     intx CICompilerCount                          = 4                                         {product} {ergonomic}
   size_t CompressedClassSpaceSize                 = 436207616                                 {product} {ergonomic}
     uint ConcGCThreads                            = 3                                         {product} {ergonomic}
     uint G1ConcRefinementThreads                  = 10                                        {product} {ergonomic}
   size_t G1HeapRegionSize                         = 1048576                                   {product} {ergonomic}
    uintx GCDrainStackTargetSize                   = 64                                        {product} {ergonomic}
   size_t InitialHeapSize                          = 264241152                                 {product} {ergonomic}
   size_t MarkStackSize                            = 4194304                                   {product} {ergonomic}
   size_t MaxHeapSize                              = 2147483648                                {product} {command line}
   size_t MaxMetaspaceSize                         = 536870912                                 {product} {command line}
   size_t MaxNewSize                               = 1287651328                                {product} {ergonomic}
   size_t MinHeapDeltaBytes                        = 1048576                                   {product} {ergonomic}
   size_t MinHeapSize                              = 8388608                                   {product} {ergonomic}
    uintx NonNMethodCodeHeapSize                   = 5839372                                {pd product} {ergonomic}
    uintx NonProfiledCodeHeapSize                  = 122909434                              {pd product} {ergonomic}
    uintx ProfiledCodeHeapSize                     = 122909434                              {pd product} {ergonomic}
    uintx ReservedCodeCacheSize                    = 251658240                              {pd product} {ergonomic}
     bool SegmentedCodeCache                       = true                                      {product} {ergonomic}
   size_t SoftMaxHeapSize                          = 2147483648                             {manageable} {ergonomic}
     bool UseCompressedClassPointers               = true                           {product lp64_product} {ergonomic}
     bool UseCompressedOops                        = true                           {product lp64_product} {ergonomic}
     bool UseG1GC                                  = true                                      {product} {ergonomic}
     bool UseLargePagesIndividualAllocation        = false                                  {pd product} {ergonomic}

Logging:
Log output configuration:
 #0: stdout all=warning uptime,level,tags
 #1: stderr all=off uptime,level,tags

Environment Variables:
PATH=C:\Program Files\NVIDIA GPU Computing Toolkit\CUDA\v12.2\bin;C:\Program Files\NVIDIA GPU Computing Toolkit\CUDA\v12.2\libnvvp;C:\Program Files\NVIDIA GPU Computing Toolkit\CUDA\v11.8\bin;C:\Program Files\NVIDIA GPU Computing Toolkit\CUDA\v11.8\libnvvp;C:\Program Files\Common Files\Oracle\Java\javapath;C:\Program Files (x86)\Common Files\Oracle\Java\javapath;C:\Python312\Scripts\;C:\Python312\;C:\WINDOWS\system32;C:\WINDOWS;C:\WINDOWS\System32\Wbem;C:\WINDOWS\System32\WindowsPowerShell\v1.0\;C:\WINDOWS\System32\OpenSSH\;C:\Program Files\NVIDIA Corporation\NVIDIA App\NvDLISR;C:\Program Files (x86)\NVIDIA Corporation\PhysX\Common;C:\WINDOWS\system32\config\systemprofile\AppData\Local\Muse Hub\lib;C:\ProgramData\chocolatey\bin;C:\Program Files\dotnet\;C:\Program Files\Git\cmd;C:\Program Files\NVIDIA Corporation\Nsight Compute 2023.2.0\;C:\Program Files\nvm;C:\nvm\nodejs;C:\Program Files\Git LFS;C:\Users\surde\AppData\Local\Programs\Python\Python313\Scripts\;C:\Users\surde\AppData\Local\Programs\Python\Python313\;C:\Program Files\NVIDIA GPU Computing Toolkit\CUDA\v12.2\bin;C:\Program Files\NVIDIA GPU Computing Toolkit\CUDA\v12.2\libnvvp;C:\Program Files\NVIDIA GPU Computing Toolkit\CUDA\v11.8\bin;C:\Program Files\NVIDIA GPU Computing Toolkit\CUDA\v11.8\libnvvp;C:\Program Files\Common Files\Oracle\Java\javapath;C:\Python312\Scripts\;C:\Python312\;C:\WINDOWS\system32;C:\WINDOWS;C:\WINDOWS\System32\Wbem;C:\WINDOWS\System32\WindowsPowerShell\v1.0\;C:\WINDOWS\System32\OpenSSH\;C:\Program Files\NVIDIA Corporation\NVIDIA App\NvDLISR;C:\Program Files (x86)\NVIDIA Corporation\PhysX\Common;C:\WINDOWS\system32\config\systemprofile\AppData\Local\Muse Hub\lib;C:\ProgramData\chocolatey\bin;C:\Program Files\dotnet\;C:\Program Files\Git\cmd;C:\Program Files\NVIDIA Corporation\Nsight Compute 2023.2.0\;C:\Users\surde\AppData\Local\nvm;C:\Users\surde\AppData\Local\Microsoft\WindowsApps;C:\Program Files\;C:\Users\surde\AppData\Local\Programs\Ollama\ollama.exe;C:\Users\surde\AppData\Local\
USERNAME=surde
OS=Windows_NT
PROCESSOR_IDENTIFIER=Intel64 Family 6 Model 141 Stepping 1, GenuineIntel



---------------  S Y S T E M  ---------------

OS:
 Windows 11 , 64 bit Build 26100 (10.0.26100.7623)
OS uptime: 0 days 2:00 hours
Hyper-V role detected

CPU: total 12 (initial active 12) (6 cores per cpu, 2 threads per core) family 6 model 141 stepping 1 microcode 0x50, cx8, cmov, fxsr, ht, mmx, 3dnowpref, sse, sse2, sse3, ssse3, sse4.1, sse4.2, popcnt, lzcnt, tsc, tscinvbit, avx, avx2, aes, erms, clmul, bmi1, bmi2, adx, avx512f, avx512dq, avx512cd, avx512bw, avx512vl, sha, fma, vzeroupper, avx512_vpopcntdq, avx512_vpclmulqdq, avx512_vaes, avx512_vnni, clflush, clflushopt, clwb, avx512_vbmi2, avx512_vbmi, hv

Memory: 4k page, system-wide physical 16105M (1077M free)
TotalPageFile size 19773M (AvailPageFile size 95M)
current process WorkingSet (physical memory assigned to process): 528M, peak: 535M
current process commit charge ("private bytes"): 576M, peak: 582M

vm_info: Java HotSpot(TM) 64-Bit Server VM (17.0.12+8-LTS-286) for windows-amd64 JRE (17.0.12+8-LTS-286), built on Jun  5 2024 06:46:59 by "mach5one" with MS VC++ 17.6 (VS2022)

END.
