#
# There is insufficient memory for the Java Runtime Environment to continue.
# Native memory allocation (malloc) failed to allocate 1055136 bytes for Chunk::new
# Possible reasons:
#   The system is out of physical RAM or swap space
#   The process is running with CompressedOops enabled, and the Java Heap may be blocking the growth of the native heap
# Possible solutions:
#   Reduce memory load on the system
#   Increase physical memory or swap space
#   Check if swap backing store is full
#   Decrease Java heap size (-Xmx/-Xms)
#   Decrease number of Java threads
#   Decrease Java thread stack sizes (-Xss)
#   Set larger code cache with -XX:ReservedCodeCacheSize=
#   JVM is running with Unscaled Compressed Oops mode in which the Java heap is
#     placed in the first 4GB address space. The Java Heap base address is the
#     maximum limit for the native heap growth. Please use -XX:HeapBaseMinAddress
#     to set the Java Heap base and to place the Java Heap above 4GB virtual address.
# This output file may be truncated or incomplete.
#
#  Out of Memory Error (arena.cpp:189), pid=9932, tid=21004
#
# JRE version: Java(TM) SE Runtime Environment (17.0.12+8) (build 17.0.12+8-LTS-286)
# Java VM: Java HotSpot(TM) 64-Bit Server VM (17.0.12+8-LTS-286, mixed mode, sharing, tiered, compressed oops, compressed class ptrs, g1 gc, windows-amd64)
# No core dump will be written. Minidumps are not enabled by default on client versions of Windows
#

---------------  S U M M A R Y ------------

Command Line: --add-opens=java.base/java.lang=ALL-UNNAMED --add-opens=java.base/java.lang.invoke=ALL-UNNAMED --add-opens=java.base/java.util=ALL-UNNAMED --add-opens=java.prefs/java.util.prefs=ALL-UNNAMED --add-exports=jdk.compiler/com.sun.tools.javac.api=ALL-UNNAMED --add-exports=jdk.compiler/com.sun.tools.javac.util=ALL-UNNAMED --add-opens=java.base/java.util=ALL-UNNAMED --add-opens=java.prefs/java.util.prefs=ALL-UNNAMED --add-opens=java.base/java.nio.charset=ALL-UNNAMED --add-opens=java.base/java.net=ALL-UNNAMED --add-opens=java.base/java.util.concurrent.atomic=ALL-UNNAMED --add-opens=java.xml/javax.xml.namespace=ALL-UNNAMED -XX:MaxMetaspaceSize=512m -Xmx2048m -Dfile.encoding=UTF-8 -Duser.country=IN -Duser.language=en -Duser.variant -javaagent:C:\Users\surde\.gradle\wrapper\dists\gradle-8.13-bin\5xuhj0ry160q40clulazy9h7d\gradle-8.13\lib\agents\gradle-instrumentation-agent-8.13.jar org.gradle.launcher.daemon.bootstrap.GradleDaemon 8.13

Host: 11th Gen Intel(R) Core(TM) i5-11400H @ 2.70GHz, 12 cores, 15G,  Windows 11 , 64 bit Build 26100 (10.0.26100.7623)
Time: Thu Jan 22 10:26:17 2026 India Standard Time elapsed time: 27.630666 seconds (0d 0h 0m 27s)

---------------  T H R E A D  ---------------

Current thread (0x000001ffb1813470):  JavaThread "C2 CompilerThread1" daemon [_thread_in_native, id=21004, stack(0x0000000560d00000,0x0000000560e00000)]


Current CompileTask:
C2:  27630 18244       4       org.gradle.internal.execution.steps.IdentifyStep::createIdentityContextInternal (78 bytes)

Stack: [0x0000000560d00000,0x0000000560e00000]
Native frames: (J=compiled Java code, j=interpreted, Vv=VM code, C=native code)
V  [jvm.dll+0x67a04a]
V  [jvm.dll+0x7da4ed]
V  [jvm.dll+0x7dbe33]
V  [jvm.dll+0x7dc4a3]
V  [jvm.dll+0x24508f]
V  [jvm.dll+0xab773]
V  [jvm.dll+0xabd3c]
V  [jvm.dll+0x361bee]
V  [jvm.dll+0x1ba64a]
V  [jvm.dll+0x216997]
V  [jvm.dll+0x215c6f]
V  [jvm.dll+0x1a2960]
V  [jvm.dll+0x22610b]
V  [jvm.dll+0x2242ab]
V  [jvm.dll+0x79075c]
V  [jvm.dll+0x78abea]
V  [jvm.dll+0x678f35]
C  [ucrtbase.dll+0x37b0]
C  [KERNEL32.DLL+0x2e8d7]
C  [ntdll.dll+0x8c53c]


---------------  P R O C E S S  ---------------

Threads class SMR info:
_java_thread_list=0x000001ffaa79e200, length=209, elements={
0x000001ffe909cd20, 0x000001fffa7003a0, 0x000001fffa700e70, 0x000001fffa8350a0,
0x000001fffa837980, 0x000001fffa838250, 0x000001fffa838b20, 0x000001fffa842740,
0x000001fffa846550, 0x000001fffa853680, 0x000001fffa9823a0, 0x000001fffaa07c10,
0x000001ffab064ac0, 0x000001ffab2153d0, 0x000001ffaaee0860, 0x000001ffaa3994e0,
0x000001ffaa398fd0, 0x000001ffaa3999f0, 0x000001ffaa39b340, 0x000001ffaa39a920,
0x000001ffaa39b850, 0x000001ffaa399f00, 0x000001ffaa39a410, 0x000001ffaa39ae30,
0x000001ffaa39bd60, 0x000001ffab9611b0, 0x000001ffab9625f0, 0x000001ffab963f40,
0x000001ffab963a30, 0x000001ffab962b00, 0x000001ffab963010, 0x000001ffab963520,
0x000001ffab9620e0, 0x000001ffab961bd0, 0x000001ffab964e70, 0x000001ffab9616c0,
0x000001ffab9676f0, 0x000001ffab965890, 0x000001ffab967c00, 0x000001ffab966cd0,
0x000001ffab968b30, 0x000001ffab965380, 0x000001ffab965da0, 0x000001ffada940e0,
0x000001ffada94b00, 0x000001ffada95520, 0x000001ffada95f40, 0x000001ffada95a30,
0x000001ffada96450, 0x000001ffada95010, 0x000001ffada96e70, 0x000001ffada97380,
0x000001ffada97da0, 0x000001ffada9a620, 0x000001ffada982b0, 0x000001ffada98cd0,
0x000001ffada991e0, 0x000001ffada987c0, 0x000001ffada9a110, 0x000001ffada996f0,
0x000001ffada99c00, 0x000001ffada9ab30, 0x000001ffada9b040, 0x000001ffada9b550,
0x000001ffada9ba60, 0x000001ffae674600, 0x000001ffae6731c0, 0x000001ffae6727a0,
0x000001ffae6740f0, 0x000001ffae675f50, 0x000001ffae6736d0, 0x000001ffae675a40,
0x000001ffae676460, 0x000001ffae672cb0, 0x000001ffae676970, 0x000001ffae676e80,
0x000001ffae677390, 0x000001ffae673be0, 0x000001ffae675530, 0x000001ffae677db0,
0x000001ffae6782c0, 0x000001ffae674b10, 0x000001ffae6778a0, 0x000001ffae675020,
0x000001ffae6787d0, 0x000001ffae678ce0, 0x000001ffae6791f0, 0x000001ffaf525b00,
0x000001ffaf526010, 0x000001ffaf527450, 0x000001ffaf524bd0, 0x000001ffaf526f40,
0x000001ffaf5241b0, 0x000001ffaf5246c0, 0x000001ffaf5250e0, 0x000001ffaf5255f0,
0x000001ffaef208b0, 0x000001ffaef1db20, 0x000001ffaef203a0, 0x000001ffaef1ef60,
0x000001ffaef1f980, 0x000001ffaef1f470, 0x000001ffaef1e030, 0x000001ffaef1d610,
0x000001ffaef1e540, 0x000001ffaef1d100, 0x000001ffaef21cf0, 0x000001ffaef217e0,
0x000001ffaef1fe90, 0x000001ffaef20dc0, 0x000001ffaef212d0, 0x000001ffaef22200,
0x000001ffaef1ea50, 0x000001ffaef24060, 0x000001ffaef22c20, 0x000001ffaef23b50,
0x000001ffaef24570, 0x000001ffaef24a80, 0x000001ffaef22710, 0x000001ffaef23130,
0x000001ffaef23640, 0x000001ffadd8f4e0, 0x000001ffadd8ff00, 0x000001ffadd8d680,
0x000001ffadd90410, 0x000001ffadd8efd0, 0x000001ffadd91850, 0x000001ffadd90e30,
0x000001ffadd8e5b0, 0x000001ffadd91340, 0x000001ffadd8e0a0, 0x000001ffadd91d60,
0x000001ffadd92270, 0x000001ffadd8eac0, 0x000001ffadd931a0, 0x000001ffadd92c90,
0x000001ffadd92780, 0x000001ffadd936b0, 0x000001ffadd940d0, 0x000001ffadd93bc0,
0x000001ffafacb5f0, 0x000001ffafac9790, 0x000001ffafac9280, 0x000001ffafac9ca0,
0x000001ffafaca1b0, 0x000001ffafacbb00, 0x000001ffafaca6c0, 0x000001ffafacc010,
0x000001ffafacc520, 0x000001ffafacb0e0, 0x000001ffafac8d70, 0x000001ffafaceda0,
0x000001ffafacd960, 0x000001ffafacca30, 0x000001ffafacde70, 0x000001ffaface890,
0x000001ffafacd450, 0x000001ffaface380, 0x000001ffafacf2b0, 0x000001ffafaccf40,
0x000001ffafacf7c0, 0x000001ffafacfcd0, 0x000001ffafad06f0, 0x000001ffafad01e0,
0x000001ffaa7c1bf0, 0x000001ffaa7c2b20, 0x000001ffaa7c3030, 0x000001ffaa7c07b0,
0x000001ffaa7bf880, 0x000001ffaa7c2100, 0x000001ffaa7c2610, 0x000001ffaa7c11d0,
0x000001ffaa7c3540, 0x000001ffaa7bfd90, 0x000001ffaa7c0cc0, 0x000001ffaa7c3a50,
0x000001ffaa7c02a0, 0x000001ffaa7c4e90, 0x000001ffaa7c3f60, 0x000001ffaa7c4470,
0x000001ffaa7c4980, 0x000001ffaa7c16e0, 0x000001ffaa7c53a0, 0x000001ffaa7c7200,
0x000001ffaa7c58b0, 0x000001ffaa7c5dc0, 0x000001ffaa7c62d0, 0x000001ffaa7c6cf0,
0x000001ffaa7c67e0, 0x000001ffabe7a180, 0x000001ffabe77e10, 0x000001ffabe78320,
0x000001ffabe78830, 0x000001ffabe78d40, 0x000001ffabe79250, 0x000001ffabe79c70,
0x000001ffabe79760, 0x000001ffabe7a690, 0x000001ffabe7b0b0, 0x000001ffabe7aba0,
0x000001ffabe7d930, 0x000001ffabe7b5c0, 0x000001ffabe7e350, 0x000001ffabe7bfe0,
0x000001ffabe7e860, 0x000001ffabe7bad0, 0x000001ffad9ff2d0, 0x000001ffb1813470,
0x000001ffb18129d0
}

Java Threads: ( => current thread )
  0x000001ffe909cd20 JavaThread "main" [_thread_blocked, id=6516, stack(0x0000000555500000,0x0000000555600000)]
  0x000001fffa7003a0 JavaThread "Reference Handler" daemon [_thread_blocked, id=22096, stack(0x0000000555c00000,0x0000000555d00000)]
  0x000001fffa700e70 JavaThread "Finalizer" daemon [_thread_blocked, id=21740, stack(0x0000000555d00000,0x0000000555e00000)]
  0x000001fffa8350a0 JavaThread "Signal Dispatcher" daemon [_thread_blocked, id=15960, stack(0x0000000555e00000,0x0000000555f00000)]
  0x000001fffa837980 JavaThread "Attach Listener" daemon [_thread_blocked, id=16392, stack(0x0000000555f00000,0x0000000556000000)]
  0x000001fffa838250 JavaThread "Service Thread" daemon [_thread_blocked, id=13164, stack(0x0000000556000000,0x0000000556100000)]
  0x000001fffa838b20 JavaThread "Monitor Deflation Thread" daemon [_thread_blocked, id=11168, stack(0x0000000556100000,0x0000000556200000)]
  0x000001fffa842740 JavaThread "C2 CompilerThread0" daemon [_thread_blocked, id=22540, stack(0x0000000556200000,0x0000000556300000)]
  0x000001fffa846550 JavaThread "C1 CompilerThread0" daemon [_thread_blocked, id=22212, stack(0x0000000556300000,0x0000000556400000)]
  0x000001fffa853680 JavaThread "Sweeper thread" daemon [_thread_blocked, id=22008, stack(0x0000000556400000,0x0000000556500000)]
  0x000001fffa9823a0 JavaThread "Common-Cleaner" daemon [_thread_blocked, id=18028, stack(0x0000000556500000,0x0000000556600000)]
  0x000001fffaa07c10 JavaThread "Notification Thread" daemon [_thread_blocked, id=17176, stack(0x0000000556700000,0x0000000556800000)]
  0x000001ffab064ac0 JavaThread "Daemon health stats" [_thread_blocked, id=10292, stack(0x0000000556900000,0x0000000556a00000)]
  0x000001ffab2153d0 JavaThread "Incoming local TCP Connector on port 58742" [_thread_in_native, id=21260, stack(0x0000000556f00000,0x0000000557000000)]
  0x000001ffaaee0860 JavaThread "Daemon periodic checks" [_thread_blocked, id=23496, stack(0x0000000557000000,0x0000000557100000)]
  0x000001ffaa3994e0 JavaThread "Daemon" [_thread_blocked, id=18332, stack(0x0000000557100000,0x0000000557200000)]
  0x000001ffaa398fd0 JavaThread "Handler for socket connection from /127.0.0.1:58742 to /127.0.0.1:58743" [_thread_in_native, id=3028, stack(0x0000000557200000,0x0000000557300000)]
  0x000001ffaa3999f0 JavaThread "Cancel handler" [_thread_blocked, id=3444, stack(0x0000000557300000,0x0000000557400000)]
  0x000001ffaa39b340 JavaThread "Daemon worker" [_thread_in_native, id=18188, stack(0x0000000557400000,0x0000000557500000)]
  0x000001ffaa39a920 JavaThread "Asynchronous log dispatcher for DefaultDaemonConnection: socket connection from /127.0.0.1:58742 to /127.0.0.1:58743" [_thread_blocked, id=1988, stack(0x0000000557500000,0x0000000557600000)]
  0x000001ffaa39b850 JavaThread "Stdin handler" [_thread_blocked, id=23228, stack(0x0000000557600000,0x0000000557700000)]
  0x000001ffaa399f00 JavaThread "Daemon client event forwarder" [_thread_blocked, id=17280, stack(0x0000000557700000,0x0000000557800000)]
  0x000001ffaa39a410 JavaThread "Cache worker for journal cache (C:\Users\surde\.gradle\caches\journal-1)" [_thread_blocked, id=1812, stack(0x0000000557800000,0x0000000557900000)]
  0x000001ffaa39ae30 JavaThread "File lock request listener" [_thread_in_native, id=7144, stack(0x0000000557900000,0x0000000557a00000)]
  0x000001ffaa39bd60 JavaThread "Cache worker for file hash cache (C:\Users\surde\.gradle\caches\8.13\fileHashes)" [_thread_blocked, id=6576, stack(0x0000000557a00000,0x0000000557b00000)]
  0x000001ffab9611b0 JavaThread "Cache worker for file hash cache (D:\unwant\agri\agrio\my-agrixvision-app\android\.gradle\8.13\fileHashes)" [_thread_blocked, id=1132, stack(0x0000000557c00000,0x0000000557d00000)]
  0x000001ffab9625f0 JavaThread "Cache worker for Build Output Cleanup Cache (D:\unwant\agri\agrio\my-agrixvision-app\android\.gradle\buildOutputCleanup)" [_thread_blocked, id=11064, stack(0x0000000557d00000,0x0000000557e00000)]
  0x000001ffab963f40 JavaThread "File watcher server" daemon [_thread_in_native, id=9800, stack(0x0000000558400000,0x0000000558500000)]
  0x000001ffab963a30 JavaThread "File watcher consumer" daemon [_thread_blocked, id=5652, stack(0x0000000558500000,0x0000000558600000)]
  0x000001ffab962b00 JavaThread "jar transforms" [_thread_blocked, id=18072, stack(0x0000000558600000,0x0000000558700000)]
  0x000001ffab963010 JavaThread "jar transforms Thread 2" [_thread_blocked, id=21884, stack(0x0000000558700000,0x0000000558800000)]
  0x000001ffab963520 JavaThread "jar transforms Thread 3" [_thread_blocked, id=23460, stack(0x0000000558800000,0x0000000558900000)]
  0x000001ffab9620e0 JavaThread "jar transforms Thread 4" [_thread_blocked, id=20856, stack(0x0000000558900000,0x0000000558a00000)]
  0x000001ffab961bd0 JavaThread "jar transforms Thread 5" [_thread_blocked, id=6336, stack(0x0000000558a00000,0x0000000558b00000)]
  0x000001ffab964e70 JavaThread "Cache worker for checksums cache (D:\unwant\agri\agrio\my-agrixvision-app\android\.gradle\8.13\checksums)" [_thread_blocked, id=23432, stack(0x0000000558b00000,0x0000000558c00000)]
  0x000001ffab9616c0 JavaThread "Cache worker for file content cache (C:\Users\surde\.gradle\caches\8.13\fileContent)" [_thread_blocked, id=22560, stack(0x0000000558c00000,0x0000000558d00000)]
  0x000001ffab9676f0 JavaThread "jar transforms Thread 6" [_thread_blocked, id=23224, stack(0x0000000558d00000,0x0000000558e00000)]
  0x000001ffab965890 JavaThread "jar transforms Thread 7" [_thread_blocked, id=11768, stack(0x0000000558e00000,0x0000000558f00000)]
  0x000001ffab967c00 JavaThread "jar transforms Thread 8" [_thread_blocked, id=2588, stack(0x0000000558f00000,0x0000000559000000)]
  0x000001ffab966cd0 JavaThread "jar transforms Thread 9" [_thread_blocked, id=21656, stack(0x0000000559000000,0x0000000559100000)]
  0x000001ffab968b30 JavaThread "jar transforms Thread 10" [_thread_blocked, id=20596, stack(0x0000000559100000,0x0000000559200000)]
  0x000001ffab965380 JavaThread "Exec process" [_thread_blocked, id=5572, stack(0x0000000559200000,0x0000000559300000)]
  0x000001ffab965da0 JavaThread "Exec process Thread 2" [_thread_blocked, id=21472, stack(0x0000000559300000,0x0000000559400000)]
  0x000001ffada940e0 JavaThread "Exec process Thread 3" [_thread_blocked, id=10396, stack(0x0000000559400000,0x0000000559500000)]
  0x000001ffada94b00 JavaThread "Cache worker for cache directory md-supplier (C:\Users\surde\.gradle\caches\8.13\md-supplier)" [_thread_blocked, id=6840, stack(0x0000000559500000,0x0000000559600000)]
  0x000001ffada95520 JavaThread "Cache worker for cache directory md-rule (C:\Users\surde\.gradle\caches\8.13\md-rule)" [_thread_blocked, id=7708, stack(0x0000000559600000,0x0000000559700000)]
  0x000001ffada95f40 JavaThread "Cache worker for Build Output Cleanup Cache (D:\unwant\agri\agrio\my-agrixvision-app\node_modules\@react-native\gradle-plugin\.gradle\buildOutputCleanup)" [_thread_blocked, id=19680, stack(0x0000000559700000,0x0000000559800000)]
  0x000001ffada95a30 JavaThread "Unconstrained build operations" [_thread_blocked, id=23316, stack(0x0000000556600000,0x0000000556700000)]
  0x000001ffada96450 JavaThread "Unconstrained build operations Thread 2" [_thread_blocked, id=20776, stack(0x0000000557b00000,0x0000000557c00000)]
  0x000001ffada95010 JavaThread "Unconstrained build operations Thread 3" [_thread_blocked, id=17324, stack(0x0000000559900000,0x0000000559a00000)]
  0x000001ffada96e70 JavaThread "Unconstrained build operations Thread 4" [_thread_blocked, id=22320, stack(0x0000000559a00000,0x0000000559b00000)]
  0x000001ffada97380 JavaThread "Unconstrained build operations Thread 5" [_thread_blocked, id=5856, stack(0x0000000559b00000,0x0000000559c00000)]
  0x000001ffada97da0 JavaThread "Unconstrained build operations Thread 6" [_thread_blocked, id=19600, stack(0x0000000559d00000,0x0000000559e00000)]
  0x000001ffada9a620 JavaThread "Cache worker for Build Output Cleanup Cache (D:\unwant\agri\agrio\my-agrixvision-app\node_modules\expo-modules-autolinking\android\expo-gradle-plugin\.gradle\buildOutputCleanup)" [_thread_blocked, id=5632, stack(0x0000000559c00000,0x0000000559d00000)]
  0x000001ffada982b0 JavaThread "Unconstrained build operations Thread 7" [_thread_blocked, id=18140, stack(0x000000055a000000,0x000000055a100000)]
  0x000001ffada98cd0 JavaThread "Unconstrained build operations Thread 8" [_thread_blocked, id=5224, stack(0x000000055a100000,0x000000055a200000)]
  0x000001ffada991e0 JavaThread "Unconstrained build operations Thread 9" [_thread_blocked, id=12980, stack(0x000000055a200000,0x000000055a300000)]
  0x000001ffada987c0 JavaThread "Unconstrained build operations Thread 10" [_thread_blocked, id=21216, stack(0x000000055a300000,0x000000055a400000)]
  0x000001ffada9a110 JavaThread "Unconstrained build operations Thread 11" [_thread_blocked, id=10980, stack(0x000000055a400000,0x000000055a500000)]
  0x000001ffada996f0 JavaThread "Unconstrained build operations Thread 12" [_thread_blocked, id=8984, stack(0x000000055a500000,0x000000055a600000)]
  0x000001ffada99c00 JavaThread "Unconstrained build operations Thread 13" [_thread_blocked, id=6220, stack(0x000000055a600000,0x000000055a700000)]
  0x000001ffada9ab30 JavaThread "Unconstrained build operations Thread 14" [_thread_blocked, id=12284, stack(0x000000055a700000,0x000000055a800000)]
  0x000001ffada9b040 JavaThread "Unconstrained build operations Thread 15" [_thread_blocked, id=23056, stack(0x000000055a800000,0x000000055a900000)]
  0x000001ffada9b550 JavaThread "Unconstrained build operations Thread 16" [_thread_blocked, id=20232, stack(0x000000055a900000,0x000000055aa00000)]
  0x000001ffada9ba60 JavaThread "Unconstrained build operations Thread 17" [_thread_blocked, id=6348, stack(0x000000055aa00000,0x000000055ab00000)]
  0x000001ffae674600 JavaThread "Unconstrained build operations Thread 18" [_thread_blocked, id=3036, stack(0x000000055ab00000,0x000000055ac00000)]
  0x000001ffae6731c0 JavaThread "Unconstrained build operations Thread 19" [_thread_blocked, id=18044, stack(0x000000055ac00000,0x000000055ad00000)]
  0x000001ffae6727a0 JavaThread "Unconstrained build operations Thread 20" [_thread_blocked, id=20620, stack(0x000000055ad00000,0x000000055ae00000)]
  0x000001ffae6740f0 JavaThread "Unconstrained build operations Thread 21" [_thread_blocked, id=19668, stack(0x000000055ae00000,0x000000055af00000)]
  0x000001ffae675f50 JavaThread "Unconstrained build operations Thread 22" [_thread_blocked, id=6936, stack(0x000000055af00000,0x000000055b000000)]
  0x000001ffae6736d0 JavaThread "Unconstrained build operations Thread 23" [_thread_blocked, id=16768, stack(0x000000055b000000,0x000000055b100000)]
  0x000001ffae675a40 JavaThread "Unconstrained build operations Thread 24" [_thread_blocked, id=7940, stack(0x000000055b100000,0x000000055b200000)]
  0x000001ffae676460 JavaThread "Unconstrained build operations Thread 25" [_thread_blocked, id=13664, stack(0x000000055b200000,0x000000055b300000)]
  0x000001ffae672cb0 JavaThread "Unconstrained build operations Thread 26" [_thread_blocked, id=13984, stack(0x000000055b300000,0x000000055b400000)]
  0x000001ffae676970 JavaThread "Unconstrained build operations Thread 27" [_thread_blocked, id=6296, stack(0x000000055b400000,0x000000055b500000)]
  0x000001ffae676e80 JavaThread "Unconstrained build operations Thread 28" [_thread_blocked, id=9372, stack(0x000000055b500000,0x000000055b600000)]
  0x000001ffae677390 JavaThread "Unconstrained build operations Thread 29" [_thread_blocked, id=22592, stack(0x000000055b600000,0x000000055b700000)]
  0x000001ffae673be0 JavaThread "Unconstrained build operations Thread 30" [_thread_blocked, id=15860, stack(0x000000055b700000,0x000000055b800000)]
  0x000001ffae675530 JavaThread "Unconstrained build operations Thread 31" [_thread_blocked, id=21016, stack(0x000000055b800000,0x000000055b900000)]
  0x000001ffae677db0 JavaThread "Unconstrained build operations Thread 32" [_thread_blocked, id=22884, stack(0x000000055b900000,0x000000055ba00000)]
  0x000001ffae6782c0 JavaThread "Unconstrained build operations Thread 33" [_thread_blocked, id=10872, stack(0x000000055ba00000,0x000000055bb00000)]
  0x000001ffae674b10 JavaThread "Unconstrained build operations Thread 34" [_thread_blocked, id=20036, stack(0x000000055bb00000,0x000000055bc00000)]
  0x000001ffae6778a0 JavaThread "Unconstrained build operations Thread 35" [_thread_blocked, id=2544, stack(0x000000055bc00000,0x000000055bd00000)]
  0x000001ffae675020 JavaThread "Unconstrained build operations Thread 36" [_thread_blocked, id=7668, stack(0x000000055bd00000,0x000000055be00000)]
  0x000001ffae6787d0 JavaThread "Unconstrained build operations Thread 37" [_thread_blocked, id=22852, stack(0x000000055be00000,0x000000055bf00000)]
  0x000001ffae678ce0 JavaThread "Unconstrained build operations Thread 38" [_thread_blocked, id=14128, stack(0x000000055bf00000,0x000000055c000000)]
  0x000001ffae6791f0 JavaThread "Unconstrained build operations Thread 39" [_thread_blocked, id=23284, stack(0x000000055c000000,0x000000055c100000)]
  0x000001ffaf525b00 JavaThread "build event listener" [_thread_blocked, id=19592, stack(0x000000055c100000,0x000000055c200000)]
  0x000001ffaf526010 JavaThread "Memory manager" [_thread_blocked, id=11964, stack(0x000000055c200000,0x000000055c300000)]
  0x000001ffaf527450 JavaThread "Unconstrained build operations Thread 40" [_thread_blocked, id=10276, stack(0x000000055c300000,0x000000055c400000)]
  0x000001ffaf524bd0 JavaThread "Unconstrained build operations Thread 41" [_thread_blocked, id=22256, stack(0x000000055c400000,0x000000055c500000)]
  0x000001ffaf526f40 JavaThread "Unconstrained build operations Thread 42" [_thread_blocked, id=16144, stack(0x000000055c500000,0x000000055c600000)]
  0x000001ffaf5241b0 JavaThread "Unconstrained build operations Thread 43" [_thread_blocked, id=19732, stack(0x000000055c600000,0x000000055c700000)]
  0x000001ffaf5246c0 JavaThread "Unconstrained build operations Thread 44" [_thread_blocked, id=14592, stack(0x000000055c700000,0x000000055c800000)]
  0x000001ffaf5250e0 JavaThread "Unconstrained build operations Thread 45" [_thread_blocked, id=22748, stack(0x000000055c800000,0x000000055c900000)]
  0x000001ffaf5255f0 JavaThread "Unconstrained build operations Thread 46" [_thread_blocked, id=14140, stack(0x000000055c900000,0x000000055ca00000)]
  0x000001ffaef208b0 JavaThread "Unconstrained build operations Thread 47" [_thread_blocked, id=16104, stack(0x000000055ca00000,0x000000055cb00000)]
  0x000001ffaef1db20 JavaThread "Unconstrained build operations Thread 48" [_thread_blocked, id=4440, stack(0x000000055cb00000,0x000000055cc00000)]
  0x000001ffaef203a0 JavaThread "Unconstrained build operations Thread 49" [_thread_blocked, id=6056, stack(0x000000055cc00000,0x000000055cd00000)]
  0x000001ffaef1ef60 JavaThread "Unconstrained build operations Thread 50" [_thread_blocked, id=22872, stack(0x000000055cd00000,0x000000055ce00000)]
  0x000001ffaef1f980 JavaThread "Unconstrained build operations Thread 51" [_thread_blocked, id=8804, stack(0x000000055ce00000,0x000000055cf00000)]
  0x000001ffaef1f470 JavaThread "Unconstrained build operations Thread 52" [_thread_blocked, id=17764, stack(0x000000055cf00000,0x000000055d000000)]
  0x000001ffaef1e030 JavaThread "Unconstrained build operations Thread 53" [_thread_blocked, id=21516, stack(0x000000055d000000,0x000000055d100000)]
  0x000001ffaef1d610 JavaThread "Unconstrained build operations Thread 54" [_thread_blocked, id=4936, stack(0x000000055d100000,0x000000055d200000)]
  0x000001ffaef1e540 JavaThread "Unconstrained build operations Thread 55" [_thread_blocked, id=21512, stack(0x000000055d200000,0x000000055d300000)]
  0x000001ffaef1d100 JavaThread "Unconstrained build operations Thread 56" [_thread_blocked, id=1880, stack(0x000000055d300000,0x000000055d400000)]
  0x000001ffaef21cf0 JavaThread "Unconstrained build operations Thread 57" [_thread_blocked, id=7408, stack(0x000000055d400000,0x000000055d500000)]
  0x000001ffaef217e0 JavaThread "Unconstrained build operations Thread 58" [_thread_blocked, id=10648, stack(0x000000055d500000,0x000000055d600000)]
  0x000001ffaef1fe90 JavaThread "Unconstrained build operations Thread 59" [_thread_blocked, id=5592, stack(0x000000055d600000,0x000000055d700000)]
  0x000001ffaef20dc0 JavaThread "Unconstrained build operations Thread 60" [_thread_blocked, id=13136, stack(0x000000055d700000,0x000000055d800000)]
  0x000001ffaef212d0 JavaThread "Unconstrained build operations Thread 61" [_thread_blocked, id=16596, stack(0x000000055d800000,0x000000055d900000)]
  0x000001ffaef22200 JavaThread "Unconstrained build operations Thread 62" [_thread_blocked, id=5548, stack(0x000000055d900000,0x000000055da00000)]
  0x000001ffaef1ea50 JavaThread "Unconstrained build operations Thread 63" [_thread_blocked, id=11352, stack(0x000000055da00000,0x000000055db00000)]
  0x000001ffaef24060 JavaThread "Unconstrained build operations Thread 64" [_thread_blocked, id=7596, stack(0x000000055db00000,0x000000055dc00000)]
  0x000001ffaef22c20 JavaThread "Unconstrained build operations Thread 65" [_thread_blocked, id=22108, stack(0x000000055dc00000,0x000000055dd00000)]
  0x000001ffaef23b50 JavaThread "Unconstrained build operations Thread 66" [_thread_blocked, id=17936, stack(0x000000055dd00000,0x000000055de00000)]
  0x000001ffaef24570 JavaThread "Unconstrained build operations Thread 67" [_thread_blocked, id=11284, stack(0x000000055de00000,0x000000055df00000)]
  0x000001ffaef24a80 JavaThread "Unconstrained build operations Thread 68" [_thread_blocked, id=10208, stack(0x000000055df00000,0x000000055e000000)]
  0x000001ffaef22710 JavaThread "Unconstrained build operations Thread 69" [_thread_blocked, id=11676, stack(0x000000055e000000,0x000000055e100000)]
  0x000001ffaef23130 JavaThread "Unconstrained build operations Thread 70" [_thread_blocked, id=9672, stack(0x000000055e100000,0x000000055e200000)]
  0x000001ffaef23640 JavaThread "Unconstrained build operations Thread 71" [_thread_blocked, id=22064, stack(0x000000055e200000,0x000000055e300000)]
  0x000001ffadd8f4e0 JavaThread "Unconstrained build operations Thread 72" [_thread_blocked, id=9340, stack(0x000000055e300000,0x000000055e400000)]
  0x000001ffadd8ff00 JavaThread "build event listener" [_thread_blocked, id=15372, stack(0x000000055e400000,0x000000055e500000)]
  0x000001ffadd8d680 JavaThread "Unconstrained build operations Thread 73" [_thread_blocked, id=14748, stack(0x000000055e500000,0x000000055e600000)]
  0x000001ffadd90410 JavaThread "Unconstrained build operations Thread 74" [_thread_blocked, id=5808, stack(0x000000055e600000,0x000000055e700000)]
  0x000001ffadd8efd0 JavaThread "Unconstrained build operations Thread 75" [_thread_blocked, id=14428, stack(0x000000055e700000,0x000000055e800000)]
  0x000001ffadd91850 JavaThread "Unconstrained build operations Thread 76" [_thread_blocked, id=23156, stack(0x000000055e800000,0x000000055e900000)]
  0x000001ffadd90e30 JavaThread "Unconstrained build operations Thread 77" [_thread_blocked, id=18704, stack(0x000000055e900000,0x000000055ea00000)]
  0x000001ffadd8e5b0 JavaThread "Unconstrained build operations Thread 78" [_thread_blocked, id=20976, stack(0x000000055ea00000,0x000000055eb00000)]
  0x000001ffadd91340 JavaThread "Unconstrained build operations Thread 79" [_thread_blocked, id=8500, stack(0x000000055eb00000,0x000000055ec00000)]
  0x000001ffadd8e0a0 JavaThread "Unconstrained build operations Thread 80" [_thread_blocked, id=21136, stack(0x000000055ec00000,0x000000055ed00000)]
  0x000001ffadd91d60 JavaThread "Unconstrained build operations Thread 81" [_thread_blocked, id=17832, stack(0x000000055ed00000,0x000000055ee00000)]
  0x000001ffadd92270 JavaThread "Unconstrained build operations Thread 82" [_thread_blocked, id=1100, stack(0x000000055ee00000,0x000000055ef00000)]
  0x000001ffadd8eac0 JavaThread "Unconstrained build operations Thread 83" [_thread_blocked, id=21420, stack(0x000000055ef00000,0x000000055f000000)]
  0x000001ffadd931a0 JavaThread "Unconstrained build operations Thread 84" [_thread_blocked, id=9568, stack(0x000000055f000000,0x000000055f100000)]
  0x000001ffadd92c90 JavaThread "ForkJoinPool.commonPool-worker-1" daemon [_thread_blocked, id=18372, stack(0x000000055f100000,0x000000055f200000)]
  0x000001ffadd92780 JavaThread "ForkJoinPool.commonPool-worker-2" daemon [_thread_blocked, id=18676, stack(0x000000055f200000,0x000000055f300000)]
  0x000001ffadd936b0 JavaThread "ForkJoinPool.commonPool-worker-3" daemon [_thread_blocked, id=22472, stack(0x000000055f300000,0x000000055f400000)]
  0x000001ffadd940d0 JavaThread "ForkJoinPool.commonPool-worker-4" daemon [_thread_blocked, id=21164, stack(0x000000055f400000,0x000000055f500000)]
  0x000001ffadd93bc0 JavaThread "ForkJoinPool.commonPool-worker-5" daemon [_thread_blocked, id=15272, stack(0x000000055f500000,0x000000055f600000)]
  0x000001ffafacb5f0 JavaThread "ForkJoinPool.commonPool-worker-6" daemon [_thread_blocked, id=11940, stack(0x000000055f600000,0x000000055f700000)]
  0x000001ffafac9790 JavaThread "ForkJoinPool.commonPool-worker-7" daemon [_thread_blocked, id=13216, stack(0x000000055f700000,0x000000055f800000)]
  0x000001ffafac9280 JavaThread "ForkJoinPool.commonPool-worker-8" daemon [_thread_blocked, id=13572, stack(0x000000055f800000,0x000000055f900000)]
  0x000001ffafac9ca0 JavaThread "ForkJoinPool.commonPool-worker-9" daemon [_thread_blocked, id=15664, stack(0x000000055f900000,0x000000055fa00000)]
  0x000001ffafaca1b0 JavaThread "ForkJoinPool.commonPool-worker-10" daemon [_thread_blocked, id=19132, stack(0x000000055fa00000,0x000000055fb00000)]
  0x000001ffafacbb00 JavaThread "Exec process" [_thread_blocked, id=13308, stack(0x000000055fb00000,0x000000055fc00000)]
  0x000001ffafaca6c0 JavaThread "Exec process Thread 2" [_thread_blocked, id=12844, stack(0x000000055fc00000,0x000000055fd00000)]
  0x000001ffafacc010 JavaThread "Exec process Thread 3" [_thread_blocked, id=444, stack(0x000000055fd00000,0x000000055fe00000)]
  0x000001ffafacc520 JavaThread "ForkJoinPool.commonPool-worker-11" daemon [_thread_blocked, id=17524, stack(0x000000055fe00000,0x000000055ff00000)]
  0x000001ffafacb0e0 JavaThread "included builds" [_thread_blocked, id=16472, stack(0x0000000559f00000,0x000000055a000000)]
  0x000001ffafac8d70 JavaThread "included builds Thread 2" [_thread_blocked, id=5724, stack(0x000000055ff00000,0x0000000560000000)]
  0x000001ffafaceda0 JavaThread "Execution worker" [_thread_blocked, id=21484, stack(0x0000000560000000,0x0000000560100000)]
  0x000001ffafacd960 JavaThread "Execution worker Thread 2" [_thread_blocked, id=23192, stack(0x0000000560100000,0x0000000560200000)]
  0x000001ffafacca30 JavaThread "Execution worker Thread 3" [_thread_blocked, id=12876, stack(0x0000000560200000,0x0000000560300000)]
  0x000001ffafacde70 JavaThread "Execution worker Thread 4" [_thread_blocked, id=3500, stack(0x0000000560300000,0x0000000560400000)]
  0x000001ffaface890 JavaThread "Execution worker Thread 5" [_thread_blocked, id=22044, stack(0x0000000560400000,0x0000000560500000)]
  0x000001ffafacd450 JavaThread "Execution worker Thread 6" [_thread_blocked, id=10908, stack(0x0000000560500000,0x0000000560600000)]
  0x000001ffaface380 JavaThread "Execution worker Thread 7" [_thread_blocked, id=6328, stack(0x0000000560600000,0x0000000560700000)]
  0x000001ffafacf2b0 JavaThread "Execution worker Thread 8" [_thread_blocked, id=15236, stack(0x0000000560700000,0x0000000560800000)]
  0x000001ffafaccf40 JavaThread "Execution worker Thread 9" [_thread_blocked, id=20168, stack(0x0000000560800000,0x0000000560900000)]
  0x000001ffafacf7c0 JavaThread "Execution worker Thread 10" [_thread_blocked, id=8304, stack(0x0000000560900000,0x0000000560a00000)]
  0x000001ffafacfcd0 JavaThread "Execution worker Thread 11" [_thread_blocked, id=15564, stack(0x0000000560a00000,0x0000000560b00000)]
  0x000001ffafad06f0 JavaThread "Cache worker for execution history cache (D:\unwant\agri\agrio\my-agrixvision-app\node_modules\@react-native\gradle-plugin\.gradle\8.13\executionHistory)" [_thread_blocked, id=10444, stack(0x0000000560b00000,0x0000000560c00000)]
  0x000001ffafad01e0 JavaThread "Cache worker for execution history cache (D:\unwant\agri\agrio\my-agrixvision-app\node_modules\expo-modules-autolinking\android\expo-gradle-plugin\.gradle\8.13\executionHistory)" [_thread_blocked, id=11536, stack(0x0000000560c00000,0x0000000560d00000)]
  0x000001ffaa7c1bf0 JavaThread "Unconstrained build operations Thread 85" [_thread_blocked, id=14420, stack(0x0000000560e00000,0x0000000560f00000)]
  0x000001ffaa7c2b20 JavaThread "Unconstrained build operations Thread 86" [_thread_blocked, id=14160, stack(0x0000000560f00000,0x0000000561000000)]
  0x000001ffaa7c3030 JavaThread "Unconstrained build operations Thread 87" [_thread_blocked, id=18960, stack(0x0000000561000000,0x0000000561100000)]
  0x000001ffaa7c07b0 JavaThread "Unconstrained build operations Thread 88" [_thread_blocked, id=14104, stack(0x0000000561100000,0x0000000561200000)]
  0x000001ffaa7bf880 JavaThread "Unconstrained build operations Thread 89" [_thread_blocked, id=17788, stack(0x0000000561200000,0x0000000561300000)]
  0x000001ffaa7c2100 JavaThread "Unconstrained build operations Thread 90" [_thread_blocked, id=7756, stack(0x0000000561300000,0x0000000561400000)]
  0x000001ffaa7c2610 JavaThread "Unconstrained build operations Thread 91" [_thread_blocked, id=17252, stack(0x0000000561400000,0x0000000561500000)]
  0x000001ffaa7c11d0 JavaThread "Unconstrained build operations Thread 92" [_thread_blocked, id=5996, stack(0x0000000561500000,0x0000000561600000)]
  0x000001ffaa7c3540 JavaThread "Unconstrained build operations Thread 93" [_thread_blocked, id=8728, stack(0x0000000561600000,0x0000000561700000)]
  0x000001ffaa7bfd90 JavaThread "Unconstrained build operations Thread 94" [_thread_blocked, id=21668, stack(0x0000000561700000,0x0000000561800000)]
  0x000001ffaa7c0cc0 JavaThread "Unconstrained build operations Thread 95" [_thread_blocked, id=16036, stack(0x0000000561800000,0x0000000561900000)]
  0x000001ffaa7c3a50 JavaThread "Unconstrained build operations Thread 96" [_thread_blocked, id=21644, stack(0x0000000561900000,0x0000000561a00000)]
  0x000001ffaa7c02a0 JavaThread "Unconstrained build operations Thread 97" [_thread_blocked, id=8536, stack(0x0000000561a00000,0x0000000561b00000)]
  0x000001ffaa7c4e90 JavaThread "Unconstrained build operations Thread 98" [_thread_blocked, id=3556, stack(0x0000000561b00000,0x0000000561c00000)]
  0x000001ffaa7c3f60 JavaThread "Unconstrained build operations Thread 99" [_thread_blocked, id=9512, stack(0x0000000561c00000,0x0000000561d00000)]
  0x000001ffaa7c4470 JavaThread "Unconstrained build operations Thread 100" [_thread_blocked, id=5412, stack(0x0000000561d00000,0x0000000561e00000)]
  0x000001ffaa7c4980 JavaThread "Unconstrained build operations Thread 101" [_thread_blocked, id=320, stack(0x0000000561e00000,0x0000000561f00000)]
  0x000001ffaa7c16e0 JavaThread "Unconstrained build operations Thread 102" [_thread_blocked, id=16172, stack(0x0000000561f00000,0x0000000562000000)]
  0x000001ffaa7c53a0 JavaThread "Unconstrained build operations Thread 103" [_thread_blocked, id=19192, stack(0x0000000562000000,0x0000000562100000)]
  0x000001ffaa7c7200 JavaThread "Unconstrained build operations Thread 104" [_thread_blocked, id=23184, stack(0x0000000562100000,0x0000000562200000)]
  0x000001ffaa7c58b0 JavaThread "Unconstrained build operations Thread 105" [_thread_blocked, id=15048, stack(0x0000000562200000,0x0000000562300000)]
  0x000001ffaa7c5dc0 JavaThread "Unconstrained build operations Thread 106" [_thread_blocked, id=5776, stack(0x0000000562300000,0x0000000562400000)]
  0x000001ffaa7c62d0 JavaThread "Unconstrained build operations Thread 107" [_thread_blocked, id=6804, stack(0x0000000562400000,0x0000000562500000)]
  0x000001ffaa7c6cf0 JavaThread "Unconstrained build operations Thread 108" [_thread_blocked, id=17740, stack(0x0000000562500000,0x0000000562600000)]
  0x000001ffaa7c67e0 JavaThread "Unconstrained build operations Thread 109" [_thread_blocked, id=11448, stack(0x0000000562600000,0x0000000562700000)]
  0x000001ffabe7a180 JavaThread "Unconstrained build operations Thread 110" [_thread_blocked, id=3020, stack(0x0000000562700000,0x0000000562800000)]
  0x000001ffabe77e10 JavaThread "Unconstrained build operations Thread 111" [_thread_blocked, id=10196, stack(0x0000000562800000,0x0000000562900000)]
  0x000001ffabe78320 JavaThread "Unconstrained build operations Thread 112" [_thread_blocked, id=1320, stack(0x0000000562900000,0x0000000562a00000)]
  0x000001ffabe78830 JavaThread "Unconstrained build operations Thread 113" [_thread_blocked, id=13240, stack(0x0000000562a00000,0x0000000562b00000)]
  0x000001ffabe78d40 JavaThread "Unconstrained build operations Thread 114" [_thread_blocked, id=16180, stack(0x0000000562b00000,0x0000000562c00000)]
  0x000001ffabe79250 JavaThread "Unconstrained build operations Thread 115" [_thread_blocked, id=5848, stack(0x0000000562c00000,0x0000000562d00000)]
  0x000001ffabe79c70 JavaThread "Unconstrained build operations Thread 116" [_thread_blocked, id=22600, stack(0x0000000562d00000,0x0000000562e00000)]
  0x000001ffabe79760 JavaThread "Unconstrained build operations Thread 117" [_thread_blocked, id=21380, stack(0x0000000562e00000,0x0000000562f00000)]
  0x000001ffabe7a690 JavaThread "Unconstrained build operations Thread 118" [_thread_blocked, id=14016, stack(0x0000000562f00000,0x0000000563000000)]
  0x000001ffabe7b0b0 JavaThread "Unconstrained build operations Thread 119" [_thread_blocked, id=3436, stack(0x0000000563000000,0x0000000563100000)]
  0x000001ffabe7aba0 JavaThread "Unconstrained build operations Thread 120" [_thread_blocked, id=13736, stack(0x0000000563100000,0x0000000563200000)]
  0x000001ffabe7d930 JavaThread "jar transforms Thread 11" [_thread_blocked, id=16360, stack(0x0000000563200000,0x0000000563300000)]
  0x000001ffabe7b5c0 JavaThread "Cache worker for Build Output Cleanup Cache (D:\unwant\agri\agrio\my-agrixvision-app\node_modules\expo-modules-core\expo-module-gradle-plugin\.gradle\buildOutputCleanup)" [_thread_blocked, id=2840, stack(0x0000000559e00000,0x0000000559f00000)]
  0x000001ffabe7e350 JavaThread "jar transforms Thread 12" [_thread_blocked, id=5004, stack(0x0000000563300000,0x0000000563400000)]
  0x000001ffabe7bfe0 JavaThread "included builds Thread 3" [_thread_blocked, id=21560, stack(0x0000000563400000,0x0000000563500000)]
  0x000001ffabe7e860 JavaThread "Cache worker for execution history cache (D:\unwant\agri\agrio\my-agrixvision-app\node_modules\expo-modules-core\expo-module-gradle-plugin\.gradle\8.13\executionHistory)" [_thread_blocked, id=5348, stack(0x0000000563500000,0x0000000563600000)]
  0x000001ffabe7bad0 JavaThread "Problems report writer" [_thread_blocked, id=17452, stack(0x0000000563700000,0x0000000563800000)]
  0x000001ffad9ff2d0 JavaThread "build event listener" [_thread_blocked, id=18204, stack(0x0000000563800000,0x0000000563900000)]
=>0x000001ffb1813470 JavaThread "C2 CompilerThread1" daemon [_thread_in_native, id=21004, stack(0x0000000560d00000,0x0000000560e00000)]
  0x000001ffb18129d0 JavaThread "C2 CompilerThread2" daemon [_thread_blocked, id=4556, stack(0x0000000563600000,0x0000000563700000)]

Other Threads:
  0x000001fffa6fea00 VMThread "VM Thread" [stack: 0x0000000555b00000,0x0000000555c00000] [id=840]
  0x000001ffe909dbf0 WatcherThread [stack: 0x0000000556800000,0x0000000556900000] [id=14856]
  0x000001ffe90f97c0 GCTaskThread "GC Thread#0" [stack: 0x0000000555600000,0x0000000555700000] [id=8956]
  0x000001ffff1f8290 GCTaskThread "GC Thread#1" [stack: 0x0000000556a00000,0x0000000556b00000] [id=18888]
  0x000001ffff1f8550 GCTaskThread "GC Thread#2" [stack: 0x0000000556b00000,0x0000000556c00000] [id=18396]
  0x000001fffab6a910 GCTaskThread "GC Thread#3" [stack: 0x0000000556c00000,0x0000000556d00000] [id=17700]
  0x000001ffff51f290 GCTaskThread "GC Thread#4" [stack: 0x0000000556d00000,0x0000000556e00000] [id=18088]
  0x000001fffab6afd0 GCTaskThread "GC Thread#5" [stack: 0x0000000556e00000,0x0000000556f00000] [id=18220]
  0x000001ffad20fe20 GCTaskThread "GC Thread#6" [stack: 0x0000000557e00000,0x0000000557f00000] [id=6972]
  0x000001ffad2100e0 GCTaskThread "GC Thread#7" [stack: 0x0000000557f00000,0x0000000558000000] [id=9464]
  0x000001ffad20f8a0 GCTaskThread "GC Thread#8" [stack: 0x0000000558000000,0x0000000558100000] [id=20668]
  0x000001ffad20fb60 GCTaskThread "GC Thread#9" [stack: 0x0000000558100000,0x0000000558200000] [id=14724]
  0x000001ffe910b030 ConcurrentGCThread "G1 Main Marker" [stack: 0x0000000555700000,0x0000000555800000] [id=19960]
  0x000001ffe910b7f0 ConcurrentGCThread "G1 Conc#0" [stack: 0x0000000555800000,0x0000000555900000] [id=14636]
  0x000001ffad2103a0 ConcurrentGCThread "G1 Conc#1" [stack: 0x0000000558200000,0x0000000558300000] [id=11052]
  0x000001ffad20e820 ConcurrentGCThread "G1 Conc#2" [stack: 0x0000000558300000,0x0000000558400000] [id=12984]
  0x000001ffe915ec60 ConcurrentGCThread "G1 Refine#0" [stack: 0x0000000555900000,0x0000000555a00000] [id=19480]
  0x000001fffa5bbf00 ConcurrentGCThread "G1 Service" [stack: 0x0000000555a00000,0x0000000555b00000] [id=9964]

Threads with active compile tasks:
C2 CompilerThread1    27650 18244       4       org.gradle.internal.execution.steps.IdentifyStep::createIdentityContextInternal (78 bytes)

VM state: not at safepoint (normal execution)

VM Mutex/Monitor currently owned by a thread: None

Heap address: 0x0000000080000000, size: 2048 MB, Compressed Oops mode: 32-bit

CDS archive(s) mapped at: [0x000001ff8f000000-0x000001ff8fbd0000-0x000001ff8fbd0000), size 12386304, SharedBaseAddress: 0x000001ff8f000000, ArchiveRelocationMode: 1.
Compressed class space mapped at: 0x000001ff90000000-0x000001ffaa000000, reserved size: 436207616
Narrow klass base: 0x000001ff8f000000, Narrow klass shift: 0, Narrow klass range: 0x100000000

GC Precious Log:
 CPUs: 12 total, 12 available
 Memory: 16105M
 Large Page Support: Disabled
 NUMA Support: Disabled
 Compressed Oops: Enabled (32-bit)
 Heap Region Size: 1M
 Heap Min Capacity: 8M
 Heap Initial Capacity: 252M
 Heap Max Capacity: 2G
 Pre-touch: Disabled
 Parallel Workers: 10
 Concurrent Workers: 3
 Concurrent Refinement Workers: 10
 Periodic GC: Disabled

Heap:
 garbage-first heap   total 391168K, used 276280K [0x0000000080000000, 0x0000000100000000)
  region size 1024K, 42 young (43008K), 5 survivors (5120K)
 Metaspace       used 126480K, committed 128192K, reserved 557056K
  class space    used 17381K, committed 18240K, reserved 425984K

Heap Regions: E=young(eden), S=young(survivor), O=old, HS=humongous(starts), HC=humongous(continues), CS=collection set, F=free, OA=open archive, CA=closed archive, TAMS=top-at-mark-start (previous, next)
|   0|0x0000000080000000, 0x0000000080100000, 0x0000000080100000|100%|HS|  |TAMS 0x0000000080100000, 0x0000000080000000| Complete 
|   1|0x0000000080100000, 0x0000000080200000, 0x0000000080200000|100%|HC|  |TAMS 0x0000000080200000, 0x0000000080100000| Complete 
|   2|0x0000000080200000, 0x0000000080300000, 0x0000000080300000|100%|HC|  |TAMS 0x0000000080300000, 0x0000000080200000| Complete 
|   3|0x0000000080300000, 0x0000000080400000, 0x0000000080400000|100%| O|  |TAMS 0x0000000080400000, 0x0000000080300000| Untracked 
|   4|0x0000000080400000, 0x0000000080500000, 0x0000000080500000|100%| O|  |TAMS 0x0000000080500000, 0x0000000080400000| Untracked 
|   5|0x0000000080500000, 0x0000000080600000, 0x0000000080600000|100%| O|  |TAMS 0x0000000080600000, 0x0000000080500000| Untracked 
|   6|0x0000000080600000, 0x0000000080700000, 0x0000000080700000|100%|HS|  |TAMS 0x0000000080700000, 0x0000000080600000| Complete 
|   7|0x0000000080700000, 0x0000000080800000, 0x0000000080800000|100%| O|  |TAMS 0x0000000080800000, 0x0000000080700000| Untracked 
|   8|0x0000000080800000, 0x0000000080900000, 0x0000000080900000|100%| O|  |TAMS 0x0000000080900000, 0x0000000080800000| Untracked 
|   9|0x0000000080900000, 0x0000000080a00000, 0x0000000080a00000|100%| O|  |TAMS 0x0000000080a00000, 0x0000000080900000| Untracked 
|  10|0x0000000080a00000, 0x0000000080b00000, 0x0000000080b00000|100%| O|  |TAMS 0x0000000080b00000, 0x0000000080a00000| Untracked 
|  11|0x0000000080b00000, 0x0000000080c00000, 0x0000000080c00000|100%| O|  |TAMS 0x0000000080c00000, 0x0000000080b00000| Untracked 
|  12|0x0000000080c00000, 0x0000000080d00000, 0x0000000080d00000|100%| O|  |TAMS 0x0000000080d00000, 0x0000000080c00000| Untracked 
|  13|0x0000000080d00000, 0x0000000080e00000, 0x0000000080e00000|100%| O|  |TAMS 0x0000000080e00000, 0x0000000080d00000| Untracked 
|  14|0x0000000080e00000, 0x0000000080f00000, 0x0000000080f00000|100%| O|  |TAMS 0x0000000080f00000, 0x0000000080e00000| Untracked 
|  15|0x0000000080f00000, 0x0000000081000000, 0x0000000081000000|100%| O|  |TAMS 0x0000000081000000, 0x0000000080f00000| Untracked 
|  16|0x0000000081000000, 0x0000000081100000, 0x0000000081100000|100%| O|  |TAMS 0x0000000081100000, 0x0000000081000000| Untracked 
|  17|0x0000000081100000, 0x0000000081200000, 0x0000000081200000|100%| O|  |TAMS 0x0000000081200000, 0x0000000081100000| Untracked 
|  18|0x0000000081200000, 0x0000000081300000, 0x0000000081300000|100%| O|  |TAMS 0x0000000081300000, 0x0000000081200000| Untracked 
|  19|0x0000000081300000, 0x0000000081400000, 0x0000000081400000|100%| O|  |TAMS 0x0000000081400000, 0x0000000081300000| Untracked 
|  20|0x0000000081400000, 0x0000000081500000, 0x0000000081500000|100%| O|  |TAMS 0x0000000081500000, 0x0000000081400000| Untracked 
|  21|0x0000000081500000, 0x0000000081600000, 0x0000000081600000|100%| O|  |TAMS 0x0000000081600000, 0x0000000081500000| Untracked 
|  22|0x0000000081600000, 0x0000000081700000, 0x0000000081700000|100%| O|  |TAMS 0x0000000081700000, 0x0000000081600000| Untracked 
|  23|0x0000000081700000, 0x0000000081800000, 0x0000000081800000|100%| O|  |TAMS 0x0000000081800000, 0x0000000081700000| Untracked 
|  24|0x0000000081800000, 0x0000000081900000, 0x0000000081900000|100%| O|  |TAMS 0x0000000081900000, 0x0000000081800000| Untracked 
|  25|0x0000000081900000, 0x0000000081a00000, 0x0000000081a00000|100%| O|  |TAMS 0x0000000081a00000, 0x0000000081900000| Untracked 
|  26|0x0000000081a00000, 0x0000000081b00000, 0x0000000081b00000|100%| O|  |TAMS 0x0000000081b00000, 0x0000000081a00000| Untracked 
|  27|0x0000000081b00000, 0x0000000081c00000, 0x0000000081c00000|100%| O|  |TAMS 0x0000000081c00000, 0x0000000081b00000| Untracked 
|  28|0x0000000081c00000, 0x0000000081d00000, 0x0000000081d00000|100%| O|  |TAMS 0x0000000081d00000, 0x0000000081c00000| Untracked 
|  29|0x0000000081d00000, 0x0000000081e00000, 0x0000000081e00000|100%| O|  |TAMS 0x0000000081e00000, 0x0000000081d00000| Untracked 
|  30|0x0000000081e00000, 0x0000000081f00000, 0x0000000081f00000|100%| O|  |TAMS 0x0000000081f00000, 0x0000000081e00000| Untracked 
|  31|0x0000000081f00000, 0x0000000082000000, 0x0000000082000000|100%| O|  |TAMS 0x0000000082000000, 0x0000000081f00000| Untracked 
|  32|0x0000000082000000, 0x0000000082100000, 0x0000000082100000|100%| O|  |TAMS 0x0000000082100000, 0x0000000082000000| Untracked 
|  33|0x0000000082100000, 0x0000000082200000, 0x0000000082200000|100%| O|  |TAMS 0x0000000082200000, 0x0000000082100000| Untracked 
|  34|0x0000000082200000, 0x0000000082300000, 0x0000000082300000|100%| O|  |TAMS 0x0000000082300000, 0x0000000082200000| Untracked 
|  35|0x0000000082300000, 0x0000000082400000, 0x0000000082400000|100%| O|  |TAMS 0x0000000082400000, 0x0000000082300000| Untracked 
|  36|0x0000000082400000, 0x0000000082500000, 0x0000000082500000|100%| O|  |TAMS 0x0000000082500000, 0x0000000082400000| Untracked 
|  37|0x0000000082500000, 0x0000000082600000, 0x0000000082600000|100%| O|  |TAMS 0x0000000082600000, 0x0000000082500000| Untracked 
|  38|0x0000000082600000, 0x0000000082700000, 0x0000000082700000|100%| O|  |TAMS 0x0000000082700000, 0x0000000082600000| Untracked 
|  39|0x0000000082700000, 0x0000000082800000, 0x0000000082800000|100%| O|  |TAMS 0x0000000082800000, 0x0000000082700000| Untracked 
|  40|0x0000000082800000, 0x0000000082900000, 0x0000000082900000|100%| O|  |TAMS 0x0000000082900000, 0x0000000082800000| Untracked 
|  41|0x0000000082900000, 0x0000000082a00000, 0x0000000082a00000|100%| O|  |TAMS 0x0000000082a00000, 0x0000000082900000| Untracked 
|  42|0x0000000082a00000, 0x0000000082b00000, 0x0000000082b00000|100%| O|  |TAMS 0x0000000082b00000, 0x0000000082a00000| Untracked 
|  43|0x0000000082b00000, 0x0000000082c00000, 0x0000000082c00000|100%| O|  |TAMS 0x0000000082c00000, 0x0000000082b00000| Untracked 
|  44|0x0000000082c00000, 0x0000000082d00000, 0x0000000082d00000|100%| O|  |TAMS 0x0000000082d00000, 0x0000000082c00000| Untracked 
|  45|0x0000000082d00000, 0x0000000082e00000, 0x0000000082e00000|100%| O|  |TAMS 0x0000000082e00000, 0x0000000082d00000| Untracked 
|  46|0x0000000082e00000, 0x0000000082f00000, 0x0000000082f00000|100%| O|  |TAMS 0x0000000082f00000, 0x0000000082e00000| Untracked 
|  47|0x0000000082f00000, 0x0000000083000000, 0x0000000083000000|100%| O|  |TAMS 0x0000000083000000, 0x0000000082f00000| Untracked 
|  48|0x0000000083000000, 0x0000000083100000, 0x0000000083100000|100%| O|  |TAMS 0x0000000083100000, 0x0000000083000000| Untracked 
|  49|0x0000000083100000, 0x0000000083200000, 0x0000000083200000|100%| O|  |TAMS 0x0000000083200000, 0x0000000083100000| Untracked 
|  50|0x0000000083200000, 0x0000000083300000, 0x0000000083300000|100%| O|  |TAMS 0x0000000083300000, 0x0000000083200000| Untracked 
|  51|0x0000000083300000, 0x0000000083400000, 0x0000000083400000|100%|HS|  |TAMS 0x0000000083400000, 0x0000000083300000| Complete 
|  52|0x0000000083400000, 0x0000000083500000, 0x0000000083500000|100%|HC|  |TAMS 0x0000000083500000, 0x0000000083400000| Complete 
|  53|0x0000000083500000, 0x0000000083600000, 0x0000000083600000|100%|HS|  |TAMS 0x0000000083600000, 0x0000000083500000| Complete 
|  54|0x0000000083600000, 0x0000000083700000, 0x0000000083700000|100%|HC|  |TAMS 0x0000000083700000, 0x0000000083600000| Complete 
|  55|0x0000000083700000, 0x0000000083800000, 0x0000000083800000|100%|HC|  |TAMS 0x0000000083800000, 0x0000000083700000| Complete 
|  56|0x0000000083800000, 0x0000000083900000, 0x0000000083900000|100%|HS|  |TAMS 0x0000000083900000, 0x0000000083800000| Complete 
|  57|0x0000000083900000, 0x0000000083a00000, 0x0000000083a00000|100%|HC|  |TAMS 0x0000000083a00000, 0x0000000083900000| Complete 
|  58|0x0000000083a00000, 0x0000000083b00000, 0x0000000083b00000|100%| O|  |TAMS 0x0000000083b00000, 0x0000000083a00000| Untracked 
|  59|0x0000000083b00000, 0x0000000083c00000, 0x0000000083c00000|100%| O|  |TAMS 0x0000000083c00000, 0x0000000083b00000| Untracked 
|  60|0x0000000083c00000, 0x0000000083d00000, 0x0000000083d00000|100%| O|  |TAMS 0x0000000083d00000, 0x0000000083c00000| Untracked 
|  61|0x0000000083d00000, 0x0000000083e00000, 0x0000000083e00000|100%| O|  |TAMS 0x0000000083e00000, 0x0000000083d00000| Untracked 
|  62|0x0000000083e00000, 0x0000000083f00000, 0x0000000083f00000|100%| O|  |TAMS 0x0000000083f00000, 0x0000000083e00000| Untracked 
|  63|0x0000000083f00000, 0x0000000084000000, 0x0000000084000000|100%| O|  |TAMS 0x0000000084000000, 0x0000000083f00000| Untracked 
|  64|0x0000000084000000, 0x0000000084100000, 0x0000000084100000|100%| O|  |TAMS 0x0000000084100000, 0x0000000084000000| Untracked 
|  65|0x0000000084100000, 0x0000000084200000, 0x0000000084200000|100%| O|  |TAMS 0x0000000084200000, 0x0000000084100000| Untracked 
|  66|0x0000000084200000, 0x0000000084300000, 0x0000000084300000|100%|HS|  |TAMS 0x0000000084300000, 0x0000000084200000| Complete 
|  67|0x0000000084300000, 0x0000000084400000, 0x0000000084400000|100%|HC|  |TAMS 0x0000000084400000, 0x0000000084300000| Complete 
|  68|0x0000000084400000, 0x0000000084500000, 0x0000000084500000|100%|HC|  |TAMS 0x0000000084500000, 0x0000000084400000| Complete 
|  69|0x0000000084500000, 0x0000000084600000, 0x0000000084600000|100%| O|  |TAMS 0x0000000084600000, 0x0000000084500000| Untracked 
|  70|0x0000000084600000, 0x0000000084700000, 0x0000000084700000|100%| O|  |TAMS 0x0000000084700000, 0x0000000084600000| Untracked 
|  71|0x0000000084700000, 0x0000000084800000, 0x0000000084800000|100%| O|  |TAMS 0x0000000084800000, 0x0000000084700000| Untracked 
|  72|0x0000000084800000, 0x0000000084900000, 0x0000000084900000|100%| O|  |TAMS 0x0000000084900000, 0x0000000084800000| Untracked 
|  73|0x0000000084900000, 0x0000000084a00000, 0x0000000084a00000|100%| O|  |TAMS 0x0000000084a00000, 0x0000000084900000| Untracked 
|  74|0x0000000084a00000, 0x0000000084b00000, 0x0000000084b00000|100%| O|  |TAMS 0x0000000084b00000, 0x0000000084a00000| Untracked 
|  75|0x0000000084b00000, 0x0000000084c00000, 0x0000000084c00000|100%|HS|  |TAMS 0x0000000084c00000, 0x0000000084b00000| Complete 
|  76|0x0000000084c00000, 0x0000000084d00000, 0x0000000084d00000|100%|HC|  |TAMS 0x0000000084d00000, 0x0000000084c00000| Complete 
|  77|0x0000000084d00000, 0x0000000084e00000, 0x0000000084e00000|100%|HS|  |TAMS 0x0000000084e00000, 0x0000000084d00000| Complete 
|  78|0x0000000084e00000, 0x0000000084f00000, 0x0000000084f00000|100%|HC|  |TAMS 0x0000000084f00000, 0x0000000084e00000| Complete 
|  79|0x0000000084f00000, 0x0000000085000000, 0x0000000085000000|100%|HS|  |TAMS 0x0000000085000000, 0x0000000084f00000| Complete 
|  80|0x0000000085000000, 0x0000000085100000, 0x0000000085100000|100%|HC|  |TAMS 0x0000000085100000, 0x0000000085000000| Complete 
|  81|0x0000000085100000, 0x0000000085200000, 0x0000000085200000|100%|HC|  |TAMS 0x0000000085200000, 0x0000000085100000| Complete 
|  82|0x0000000085200000, 0x0000000085300000, 0x0000000085300000|100%|HC|  |TAMS 0x0000000085300000, 0x0000000085200000| Complete 
|  83|0x0000000085300000, 0x0000000085300000, 0x0000000085400000|  0%| F|  |TAMS 0x0000000085300000, 0x0000000085300000| Untracked 
|  84|0x0000000085400000, 0x0000000085400000, 0x0000000085500000|  0%| F|  |TAMS 0x0000000085400000, 0x0000000085400000| Untracked 
|  85|0x0000000085500000, 0x0000000085500000, 0x0000000085600000|  0%| F|  |TAMS 0x0000000085500000, 0x0000000085500000| Untracked 
|  86|0x0000000085600000, 0x0000000085700000, 0x0000000085700000|100%|HS|  |TAMS 0x0000000085700000, 0x0000000085600000| Complete 
|  87|0x0000000085700000, 0x0000000085800000, 0x0000000085800000|100%|HC|  |TAMS 0x0000000085800000, 0x0000000085700000| Complete 
|  88|0x0000000085800000, 0x0000000085900000, 0x0000000085900000|100%|HC|  |TAMS 0x0000000085900000, 0x0000000085800000| Complete 
|  89|0x0000000085900000, 0x0000000085a00000, 0x0000000085a00000|100%|HC|  |TAMS 0x0000000085a00000, 0x0000000085900000| Complete 
|  90|0x0000000085a00000, 0x0000000085b00000, 0x0000000085b00000|100%| O|  |TAMS 0x0000000085b00000, 0x0000000085a00000| Untracked 
|  91|0x0000000085b00000, 0x0000000085c00000, 0x0000000085c00000|100%| O|  |TAMS 0x0000000085c00000, 0x0000000085b00000| Untracked 
|  92|0x0000000085c00000, 0x0000000085d00000, 0x0000000085d00000|100%| O|  |TAMS 0x0000000085d00000, 0x0000000085c00000| Untracked 
|  93|0x0000000085d00000, 0x0000000085e00000, 0x0000000085e00000|100%| O|  |TAMS 0x0000000085e00000, 0x0000000085d00000| Untracked 
|  94|0x0000000085e00000, 0x0000000085f00000, 0x0000000085f00000|100%| O|  |TAMS 0x0000000085f00000, 0x0000000085e00000| Untracked 
|  95|0x0000000085f00000, 0x0000000086000000, 0x0000000086000000|100%| O|  |TAMS 0x0000000086000000, 0x0000000085f00000| Untracked 
|  96|0x0000000086000000, 0x0000000086100000, 0x0000000086100000|100%| O|  |TAMS 0x0000000086100000, 0x0000000086000000| Untracked 
|  97|0x0000000086100000, 0x0000000086200000, 0x0000000086200000|100%| O|  |TAMS 0x0000000086200000, 0x0000000086100000| Untracked 
|  98|0x0000000086200000, 0x0000000086300000, 0x0000000086300000|100%| O|  |TAMS 0x0000000086300000, 0x0000000086200000| Untracked 
|  99|0x0000000086300000, 0x0000000086400000, 0x0000000086400000|100%| O|  |TAMS 0x0000000086400000, 0x0000000086300000| Untracked 
| 100|0x0000000086400000, 0x0000000086500000, 0x0000000086500000|100%| O|  |TAMS 0x0000000086500000, 0x0000000086400000| Untracked 
| 101|0x0000000086500000, 0x0000000086600000, 0x0000000086600000|100%| O|  |TAMS 0x0000000086600000, 0x0000000086500000| Untracked 
| 102|0x0000000086600000, 0x0000000086700000, 0x0000000086700000|100%| O|  |TAMS 0x0000000086700000, 0x0000000086600000| Untracked 
| 103|0x0000000086700000, 0x0000000086800000, 0x0000000086800000|100%| O|  |TAMS 0x0000000086800000, 0x0000000086700000| Untracked 
| 104|0x0000000086800000, 0x0000000086900000, 0x0000000086900000|100%| O|  |TAMS 0x0000000086900000, 0x0000000086800000| Untracked 
| 105|0x0000000086900000, 0x0000000086a00000, 0x0000000086a00000|100%| O|  |TAMS 0x0000000086a00000, 0x0000000086900000| Untracked 
| 106|0x0000000086a00000, 0x0000000086b00000, 0x0000000086b00000|100%| O|  |TAMS 0x0000000086b00000, 0x0000000086a00000| Untracked 
| 107|0x0000000086b00000, 0x0000000086c00000, 0x0000000086c00000|100%| O|  |TAMS 0x0000000086c00000, 0x0000000086b00000| Untracked 
| 108|0x0000000086c00000, 0x0000000086d00000, 0x0000000086d00000|100%| O|  |TAMS 0x0000000086d00000, 0x0000000086c00000| Untracked 
| 109|0x0000000086d00000, 0x0000000086e00000, 0x0000000086e00000|100%| O|  |TAMS 0x0000000086e00000, 0x0000000086d00000| Untracked 
| 110|0x0000000086e00000, 0x0000000086f00000, 0x0000000086f00000|100%| O|  |TAMS 0x0000000086f00000, 0x0000000086e00000| Untracked 
| 111|0x0000000086f00000, 0x0000000087000000, 0x0000000087000000|100%| O|  |TAMS 0x0000000087000000, 0x0000000086f00000| Untracked 
| 112|0x0000000087000000, 0x0000000087100000, 0x0000000087100000|100%| O|  |TAMS 0x0000000087100000, 0x0000000087000000| Untracked 
| 113|0x0000000087100000, 0x0000000087200000, 0x0000000087200000|100%| O|  |TAMS 0x0000000087200000, 0x0000000087100000| Untracked 
| 114|0x0000000087200000, 0x0000000087300000, 0x0000000087300000|100%| O|  |TAMS 0x0000000087300000, 0x0000000087200000| Untracked 
| 115|0x0000000087300000, 0x0000000087400000, 0x0000000087400000|100%| O|  |TAMS 0x0000000087400000, 0x0000000087300000| Untracked 
| 116|0x0000000087400000, 0x0000000087500000, 0x0000000087500000|100%| O|  |TAMS 0x0000000087500000, 0x0000000087400000| Untracked 
| 117|0x0000000087500000, 0x0000000087600000, 0x0000000087600000|100%| O|  |TAMS 0x0000000087600000, 0x0000000087500000| Untracked 
| 118|0x0000000087600000, 0x0000000087700000, 0x0000000087700000|100%| O|  |TAMS 0x0000000087700000, 0x0000000087600000| Untracked 
| 119|0x0000000087700000, 0x0000000087800000, 0x0000000087800000|100%| O|  |TAMS 0x0000000087800000, 0x0000000087700000| Untracked 
| 120|0x0000000087800000, 0x0000000087900000, 0x0000000087900000|100%|HS|  |TAMS 0x0000000087900000, 0x0000000087800000| Complete 
| 121|0x0000000087900000, 0x0000000087a00000, 0x0000000087a00000|100%|HS|  |TAMS 0x0000000087a00000, 0x0000000087900000| Complete 
| 122|0x0000000087a00000, 0x0000000087b00000, 0x0000000087b00000|100%|HS|  |TAMS 0x0000000087b00000, 0x0000000087a00000| Complete 
| 123|0x0000000087b00000, 0x0000000087c00000, 0x0000000087c00000|100%|HS|  |TAMS 0x0000000087c00000, 0x0000000087b00000| Complete 
| 124|0x0000000087c00000, 0x0000000087d00000, 0x0000000087d00000|100%| O|  |TAMS 0x0000000087d00000, 0x0000000087c00000| Untracked 
| 125|0x0000000087d00000, 0x0000000087e00000, 0x0000000087e00000|100%|HS|  |TAMS 0x0000000087e00000, 0x0000000087d00000| Complete 
| 126|0x0000000087e00000, 0x0000000087f00000, 0x0000000087f00000|100%|HS|  |TAMS 0x0000000087f00000, 0x0000000087e00000| Complete 
| 127|0x0000000087f00000, 0x0000000088000000, 0x0000000088000000|100%|HS|  |TAMS 0x0000000088000000, 0x0000000087f00000| Complete 
| 128|0x0000000088000000, 0x0000000088100000, 0x0000000088100000|100%|HC|  |TAMS 0x0000000088100000, 0x0000000088000000| Complete 
| 129|0x0000000088100000, 0x0000000088200000, 0x0000000088200000|100%| O|  |TAMS 0x0000000088200000, 0x0000000088100000| Untracked 
| 130|0x0000000088200000, 0x0000000088300000, 0x0000000088300000|100%|HS|  |TAMS 0x0000000088300000, 0x0000000088200000| Complete 
| 131|0x0000000088300000, 0x0000000088400000, 0x0000000088400000|100%| O|  |TAMS 0x0000000088400000, 0x0000000088300000| Untracked 
| 132|0x0000000088400000, 0x0000000088500000, 0x0000000088500000|100%| O|  |TAMS 0x0000000088500000, 0x0000000088400000| Untracked 
| 133|0x0000000088500000, 0x0000000088600000, 0x0000000088600000|100%| O|  |TAMS 0x0000000088600000, 0x0000000088500000| Untracked 
| 134|0x0000000088600000, 0x0000000088700000, 0x0000000088700000|100%| O|  |TAMS 0x0000000088700000, 0x0000000088600000| Untracked 
| 135|0x0000000088700000, 0x0000000088800000, 0x0000000088800000|100%| O|  |TAMS 0x0000000088800000, 0x0000000088700000| Untracked 
| 136|0x0000000088800000, 0x0000000088900000, 0x0000000088900000|100%| O|  |TAMS 0x0000000088900000, 0x0000000088800000| Untracked 
| 137|0x0000000088900000, 0x0000000088a00000, 0x0000000088a00000|100%| O|  |TAMS 0x0000000088a00000, 0x0000000088900000| Untracked 
| 138|0x0000000088a00000, 0x0000000088a00000, 0x0000000088b00000|  0%| F|  |TAMS 0x0000000088a00000, 0x0000000088a00000| Untracked 
| 139|0x0000000088b00000, 0x0000000088c00000, 0x0000000088c00000|100%| O|  |TAMS 0x0000000088c00000, 0x0000000088b00000| Untracked 
| 140|0x0000000088c00000, 0x0000000088c00000, 0x0000000088d00000|  0%| F|  |TAMS 0x0000000088c00000, 0x0000000088c00000| Untracked 
| 141|0x0000000088d00000, 0x0000000088d00000, 0x0000000088e00000|  0%| F|  |TAMS 0x0000000088d00000, 0x0000000088d00000| Untracked 
| 142|0x0000000088e00000, 0x0000000088f00000, 0x0000000088f00000|100%| O|  |TAMS 0x0000000088f00000, 0x0000000088e00000| Untracked 
| 143|0x0000000088f00000, 0x0000000089000000, 0x0000000089000000|100%| O|  |TAMS 0x0000000089000000, 0x0000000088f00000| Untracked 
| 144|0x0000000089000000, 0x0000000089100000, 0x0000000089100000|100%| O|  |TAMS 0x0000000089100000, 0x0000000089000000| Untracked 
| 145|0x0000000089100000, 0x0000000089200000, 0x0000000089200000|100%| O|  |TAMS 0x0000000089200000, 0x0000000089100000| Untracked 
| 146|0x0000000089200000, 0x0000000089300000, 0x0000000089300000|100%| O|  |TAMS 0x0000000089300000, 0x0000000089200000| Untracked 
| 147|0x0000000089300000, 0x0000000089400000, 0x0000000089400000|100%| O|  |TAMS 0x0000000089400000, 0x0000000089300000| Untracked 
| 148|0x0000000089400000, 0x0000000089500000, 0x0000000089500000|100%| O|  |TAMS 0x0000000089500000, 0x0000000089400000| Untracked 
| 149|0x0000000089500000, 0x0000000089600000, 0x0000000089600000|100%| O|  |TAMS 0x0000000089600000, 0x0000000089500000| Untracked 
| 150|0x0000000089600000, 0x0000000089700000, 0x0000000089700000|100%| O|  |TAMS 0x0000000089700000, 0x0000000089600000| Untracked 
| 151|0x0000000089700000, 0x0000000089800000, 0x0000000089800000|100%| O|  |TAMS 0x0000000089800000, 0x0000000089700000| Untracked 
| 152|0x0000000089800000, 0x0000000089900000, 0x0000000089900000|100%| O|  |TAMS 0x0000000089900000, 0x0000000089800000| Untracked 
| 153|0x0000000089900000, 0x0000000089a00000, 0x0000000089a00000|100%| O|  |TAMS 0x0000000089a00000, 0x0000000089900000| Untracked 
| 154|0x0000000089a00000, 0x0000000089b00000, 0x0000000089b00000|100%| O|  |TAMS 0x0000000089b00000, 0x0000000089a00000| Untracked 
| 155|0x0000000089b00000, 0x0000000089c00000, 0x0000000089c00000|100%| O|  |TAMS 0x0000000089c00000, 0x0000000089b00000| Untracked 
| 156|0x0000000089c00000, 0x0000000089d00000, 0x0000000089d00000|100%| O|  |TAMS 0x0000000089d00000, 0x0000000089c00000| Untracked 
| 157|0x0000000089d00000, 0x0000000089e00000, 0x0000000089e00000|100%| O|  |TAMS 0x0000000089e00000, 0x0000000089d00000| Untracked 
| 158|0x0000000089e00000, 0x0000000089f00000, 0x0000000089f00000|100%| O|  |TAMS 0x0000000089f00000, 0x0000000089e00000| Untracked 
| 159|0x0000000089f00000, 0x000000008a000000, 0x000000008a000000|100%| O|  |TAMS 0x000000008a000000, 0x0000000089f00000| Untracked 
| 160|0x000000008a000000, 0x000000008a100000, 0x000000008a100000|100%| O|  |TAMS 0x000000008a100000, 0x000000008a000000| Untracked 
| 161|0x000000008a100000, 0x000000008a200000, 0x000000008a200000|100%| O|  |TAMS 0x000000008a200000, 0x000000008a100000| Untracked 
| 162|0x000000008a200000, 0x000000008a300000, 0x000000008a300000|100%| O|  |TAMS 0x000000008a300000, 0x000000008a200000| Untracked 
| 163|0x000000008a300000, 0x000000008a400000, 0x000000008a400000|100%| O|  |TAMS 0x000000008a400000, 0x000000008a300000| Untracked 
| 164|0x000000008a400000, 0x000000008a500000, 0x000000008a500000|100%| O|  |TAMS 0x000000008a500000, 0x000000008a400000| Untracked 
| 165|0x000000008a500000, 0x000000008a600000, 0x000000008a600000|100%| O|  |TAMS 0x000000008a600000, 0x000000008a500000| Untracked 
| 166|0x000000008a600000, 0x000000008a700000, 0x000000008a700000|100%| O|  |TAMS 0x000000008a700000, 0x000000008a600000| Untracked 
| 167|0x000000008a700000, 0x000000008a800000, 0x000000008a800000|100%| O|  |TAMS 0x000000008a800000, 0x000000008a700000| Untracked 
| 168|0x000000008a800000, 0x000000008a900000, 0x000000008a900000|100%| O|  |TAMS 0x000000008a900000, 0x000000008a800000| Untracked 
| 169|0x000000008a900000, 0x000000008aa00000, 0x000000008aa00000|100%| O|  |TAMS 0x000000008aa00000, 0x000000008a900000| Untracked 
| 170|0x000000008aa00000, 0x000000008ab00000, 0x000000008ab00000|100%| O|  |TAMS 0x000000008ab00000, 0x000000008aa00000| Untracked 
| 171|0x000000008ab00000, 0x000000008ab00000, 0x000000008ac00000|  0%| F|  |TAMS 0x000000008ab00000, 0x000000008ab00000| Untracked 
| 172|0x000000008ac00000, 0x000000008ad00000, 0x000000008ad00000|100%| O|  |TAMS 0x000000008ad00000, 0x000000008ac00000| Untracked 
| 173|0x000000008ad00000, 0x000000008ae00000, 0x000000008ae00000|100%| O|  |TAMS 0x000000008ae00000, 0x000000008ad00000| Untracked 
| 174|0x000000008ae00000, 0x000000008af00000, 0x000000008af00000|100%| O|  |TAMS 0x000000008af00000, 0x000000008ae00000| Untracked 
| 175|0x000000008af00000, 0x000000008b000000, 0x000000008b000000|100%| O|  |TAMS 0x000000008b000000, 0x000000008af00000| Untracked 
| 176|0x000000008b000000, 0x000000008b100000, 0x000000008b100000|100%| O|  |TAMS 0x000000008b100000, 0x000000008b000000| Untracked 
| 177|0x000000008b100000, 0x000000008b200000, 0x000000008b200000|100%| O|  |TAMS 0x000000008b200000, 0x000000008b100000| Untracked 
| 178|0x000000008b200000, 0x000000008b300000, 0x000000008b300000|100%| O|  |TAMS 0x000000008b300000, 0x000000008b200000| Untracked 
| 179|0x000000008b300000, 0x000000008b400000, 0x000000008b400000|100%| O|  |TAMS 0x000000008b400000, 0x000000008b300000| Untracked 
| 180|0x000000008b400000, 0x000000008b500000, 0x000000008b500000|100%| O|  |TAMS 0x000000008b500000, 0x000000008b400000| Untracked 
| 181|0x000000008b500000, 0x000000008b600000, 0x000000008b600000|100%| O|  |TAMS 0x000000008b600000, 0x000000008b500000| Untracked 
| 182|0x000000008b600000, 0x000000008b700000, 0x000000008b700000|100%| O|  |TAMS 0x000000008b700000, 0x000000008b600000| Untracked 
| 183|0x000000008b700000, 0x000000008b800000, 0x000000008b800000|100%|HS|  |TAMS 0x000000008b800000, 0x000000008b700000| Complete 
| 184|0x000000008b800000, 0x000000008b900000, 0x000000008b900000|100%|HC|  |TAMS 0x000000008b900000, 0x000000008b800000| Complete 
| 185|0x000000008b900000, 0x000000008ba00000, 0x000000008ba00000|100%| O|  |TAMS 0x000000008ba00000, 0x000000008b900000| Untracked 
| 186|0x000000008ba00000, 0x000000008bb00000, 0x000000008bb00000|100%| O|  |TAMS 0x000000008bb00000, 0x000000008ba00000| Untracked 
| 187|0x000000008bb00000, 0x000000008bc00000, 0x000000008bc00000|100%| O|  |TAMS 0x000000008bc00000, 0x000000008bb00000| Untracked 
| 188|0x000000008bc00000, 0x000000008bd00000, 0x000000008bd00000|100%| O|  |TAMS 0x000000008bd00000, 0x000000008bc00000| Untracked 
| 189|0x000000008bd00000, 0x000000008bd00000, 0x000000008be00000|  0%| F|  |TAMS 0x000000008bd00000, 0x000000008bd00000| Untracked 
| 190|0x000000008be00000, 0x000000008bf00000, 0x000000008bf00000|100%| O|  |TAMS 0x000000008bf00000, 0x000000008be00000| Untracked 
| 191|0x000000008bf00000, 0x000000008c000000, 0x000000008c000000|100%| O|  |TAMS 0x000000008c000000, 0x000000008bf00000| Untracked 
| 192|0x000000008c000000, 0x000000008c100000, 0x000000008c100000|100%| O|  |TAMS 0x000000008c100000, 0x000000008c000000| Untracked 
| 193|0x000000008c100000, 0x000000008c200000, 0x000000008c200000|100%| O|  |TAMS 0x000000008c200000, 0x000000008c100000| Untracked 
| 194|0x000000008c200000, 0x000000008c300000, 0x000000008c300000|100%| O|  |TAMS 0x000000008c300000, 0x000000008c200000| Untracked 
| 195|0x000000008c300000, 0x000000008c400000, 0x000000008c400000|100%| O|  |TAMS 0x000000008c400000, 0x000000008c300000| Untracked 
| 196|0x000000008c400000, 0x000000008c500000, 0x000000008c500000|100%| O|  |TAMS 0x000000008c500000, 0x000000008c400000| Untracked 
| 197|0x000000008c500000, 0x000000008c600000, 0x000000008c600000|100%| O|  |TAMS 0x000000008c600000, 0x000000008c500000| Untracked 
| 198|0x000000008c600000, 0x000000008c600000, 0x000000008c700000|  0%| F|  |TAMS 0x000000008c600000, 0x000000008c600000| Untracked 
| 199|0x000000008c700000, 0x000000008c800000, 0x000000008c800000|100%| O|  |TAMS 0x000000008c800000, 0x000000008c700000| Untracked 
| 200|0x000000008c800000, 0x000000008c900000, 0x000000008c900000|100%|HS|  |TAMS 0x000000008c900000, 0x000000008c800000| Complete 
| 201|0x000000008c900000, 0x000000008ca00000, 0x000000008ca00000|100%|HS|  |TAMS 0x000000008ca00000, 0x000000008c900000| Complete 
| 202|0x000000008ca00000, 0x000000008cb00000, 0x000000008cb00000|100%|HS|  |TAMS 0x000000008cb00000, 0x000000008ca00000| Complete 
| 203|0x000000008cb00000, 0x000000008cc00000, 0x000000008cc00000|100%| O|  |TAMS 0x000000008cc00000, 0x000000008cb00000| Untracked 
| 204|0x000000008cc00000, 0x000000008cc00000, 0x000000008cd00000|  0%| F|  |TAMS 0x000000008cc00000, 0x000000008cc00000| Untracked 
| 205|0x000000008cd00000, 0x000000008ce00000, 0x000000008ce00000|100%| O|  |TAMS 0x000000008ce00000, 0x000000008cd00000| Untracked 
| 206|0x000000008ce00000, 0x000000008ce00000, 0x000000008cf00000|  0%| F|  |TAMS 0x000000008ce00000, 0x000000008ce00000| Untracked 
| 207|0x000000008cf00000, 0x000000008d000000, 0x000000008d000000|100%| O|  |TAMS 0x000000008d000000, 0x000000008cf00000| Untracked 
| 208|0x000000008d000000, 0x000000008d100000, 0x000000008d100000|100%| O|  |TAMS 0x000000008d100000, 0x000000008d000000| Untracked 
| 209|0x000000008d100000, 0x000000008d200000, 0x000000008d200000|100%| O|  |TAMS 0x000000008d200000, 0x000000008d100000| Untracked 
| 210|0x000000008d200000, 0x000000008d300000, 0x000000008d300000|100%| O|  |TAMS 0x000000008d300000, 0x000000008d200000| Untracked 
| 211|0x000000008d300000, 0x000000008d400000, 0x000000008d400000|100%| O|  |TAMS 0x000000008d400000, 0x000000008d300000| Untracked 
| 212|0x000000008d400000, 0x000000008d500000, 0x000000008d500000|100%| O|  |TAMS 0x000000008d500000, 0x000000008d400000| Untracked 
| 213|0x000000008d500000, 0x000000008d600000, 0x000000008d600000|100%| O|  |TAMS 0x000000008d600000, 0x000000008d500000| Untracked 
| 214|0x000000008d600000, 0x000000008d700000, 0x000000008d700000|100%| O|  |TAMS 0x000000008d700000, 0x000000008d600000| Untracked 
| 215|0x000000008d700000, 0x000000008d800000, 0x000000008d800000|100%| O|  |TAMS 0x000000008d79d600, 0x000000008d700000| Untracked 
| 216|0x000000008d800000, 0x000000008d900000, 0x000000008d900000|100%|HS|  |TAMS 0x000000008d800000, 0x000000008d800000| Complete 
| 217|0x000000008d900000, 0x000000008da00000, 0x000000008da00000|100%|HS|  |TAMS 0x000000008d900000, 0x000000008d900000| Complete 
| 218|0x000000008da00000, 0x000000008db00000, 0x000000008db00000|100%|HS|  |TAMS 0x000000008da00000, 0x000000008da00000| Complete 
| 219|0x000000008db00000, 0x000000008dc00000, 0x000000008dc00000|100%|HC|  |TAMS 0x000000008db00000, 0x000000008db00000| Complete 
| 220|0x000000008dc00000, 0x000000008dd00000, 0x000000008dd00000|100%| O|  |TAMS 0x000000008dc00000, 0x000000008dc00000| Untracked 
| 221|0x000000008dd00000, 0x000000008de00000, 0x000000008de00000|100%| O|  |TAMS 0x000000008dd00000, 0x000000008dd00000| Untracked 
| 222|0x000000008de00000, 0x000000008df00000, 0x000000008df00000|100%| O|  |TAMS 0x000000008de00000, 0x000000008de00000| Untracked 
| 223|0x000000008df00000, 0x000000008e000000, 0x000000008e000000|100%| O|  |TAMS 0x000000008df00000, 0x000000008df00000| Untracked 
| 224|0x000000008e000000, 0x000000008e100000, 0x000000008e100000|100%| O|  |TAMS 0x000000008e000000, 0x000000008e000000| Untracked 
| 225|0x000000008e100000, 0x000000008e200000, 0x000000008e200000|100%| O|  |TAMS 0x000000008e100000, 0x000000008e100000| Untracked 
| 226|0x000000008e200000, 0x000000008e300000, 0x000000008e300000|100%| O|  |TAMS 0x000000008e200000, 0x000000008e200000| Untracked 
| 227|0x000000008e300000, 0x000000008e400000, 0x000000008e400000|100%| O|  |TAMS 0x000000008e300000, 0x000000008e300000| Untracked 
| 228|0x000000008e400000, 0x000000008e500000, 0x000000008e500000|100%| O|  |TAMS 0x000000008e400000, 0x000000008e400000| Untracked 
| 229|0x000000008e500000, 0x000000008e600000, 0x000000008e600000|100%| O|  |TAMS 0x000000008e500000, 0x000000008e500000| Untracked 
| 230|0x000000008e600000, 0x000000008e700000, 0x000000008e700000|100%| O|  |TAMS 0x000000008e600000, 0x000000008e600000| Untracked 
| 231|0x000000008e700000, 0x000000008e800000, 0x000000008e800000|100%| O|  |TAMS 0x000000008e700000, 0x000000008e700000| Untracked 
| 232|0x000000008e800000, 0x000000008e900000, 0x000000008e900000|100%| O|  |TAMS 0x000000008e800000, 0x000000008e800000| Untracked 
| 233|0x000000008e900000, 0x000000008ea00000, 0x000000008ea00000|100%| O|  |TAMS 0x000000008e900000, 0x000000008e900000| Untracked 
| 234|0x000000008ea00000, 0x000000008eb00000, 0x000000008eb00000|100%| O|  |TAMS 0x000000008ea00000, 0x000000008ea00000| Untracked 
| 235|0x000000008eb00000, 0x000000008ec00000, 0x000000008ec00000|100%| O|  |TAMS 0x000000008eb00000, 0x000000008eb00000| Untracked 
| 236|0x000000008ec00000, 0x000000008ed00000, 0x000000008ed00000|100%| O|  |TAMS 0x000000008ec00000, 0x000000008ec00000| Untracked 
| 237|0x000000008ed00000, 0x000000008ee00000, 0x000000008ee00000|100%| O|  |TAMS 0x000000008ed00000, 0x000000008ed00000| Untracked 
| 238|0x000000008ee00000, 0x000000008ef00000, 0x000000008ef00000|100%| O|  |TAMS 0x000000008ee00000, 0x000000008ee00000| Untracked 
| 239|0x000000008ef00000, 0x000000008f000000, 0x000000008f000000|100%| O|  |TAMS 0x000000008ef00000, 0x000000008ef00000| Untracked 
| 240|0x000000008f000000, 0x000000008f0f6800, 0x000000008f100000| 96%| O|  |TAMS 0x000000008f000000, 0x000000008f000000| Untracked 
| 241|0x000000008f100000, 0x000000008f100000, 0x000000008f200000|  0%| F|  |TAMS 0x000000008f100000, 0x000000008f100000| Untracked 
| 242|0x000000008f200000, 0x000000008f200000, 0x000000008f300000|  0%| F|  |TAMS 0x000000008f200000, 0x000000008f200000| Untracked 
| 243|0x000000008f300000, 0x000000008f300000, 0x000000008f400000|  0%| F|  |TAMS 0x000000008f300000, 0x000000008f300000| Untracked 
| 244|0x000000008f400000, 0x000000008f400000, 0x000000008f500000|  0%| F|  |TAMS 0x000000008f400000, 0x000000008f400000| Untracked 
| 245|0x000000008f500000, 0x000000008f500000, 0x000000008f600000|  0%| F|  |TAMS 0x000000008f500000, 0x000000008f500000| Untracked 
| 246|0x000000008f600000, 0x000000008f600000, 0x000000008f700000|  0%| F|  |TAMS 0x000000008f600000, 0x000000008f600000| Untracked 
| 247|0x000000008f700000, 0x000000008f700000, 0x000000008f800000|  0%| F|  |TAMS 0x000000008f700000, 0x000000008f700000| Untracked 
| 248|0x000000008f800000, 0x000000008f800000, 0x000000008f900000|  0%| F|  |TAMS 0x000000008f800000, 0x000000008f800000| Untracked 
| 249|0x000000008f900000, 0x000000008f900000, 0x000000008fa00000|  0%| F|  |TAMS 0x000000008f900000, 0x000000008f900000| Untracked 
| 250|0x000000008fa00000, 0x000000008fa00000, 0x000000008fb00000|  0%| F|  |TAMS 0x000000008fa00000, 0x000000008fa00000| Untracked 
| 251|0x000000008fb00000, 0x000000008fb00000, 0x000000008fc00000|  0%| F|  |TAMS 0x000000008fb00000, 0x000000008fb00000| Untracked 
| 252|0x000000008fc00000, 0x000000008fc00000, 0x000000008fd00000|  0%| F|  |TAMS 0x000000008fc00000, 0x000000008fc00000| Untracked 
| 253|0x000000008fd00000, 0x000000008fd00000, 0x000000008fe00000|  0%| F|  |TAMS 0x000000008fd00000, 0x000000008fd00000| Untracked 
| 254|0x000000008fe00000, 0x000000008fe00000, 0x000000008ff00000|  0%| F|  |TAMS 0x000000008fe00000, 0x000000008fe00000| Untracked 
| 255|0x000000008ff00000, 0x000000008ff00000, 0x0000000090000000|  0%| F|  |TAMS 0x000000008ff00000, 0x000000008ff00000| Untracked 
| 256|0x0000000090000000, 0x0000000090000000, 0x0000000090100000|  0%| F|  |TAMS 0x0000000090000000, 0x0000000090000000| Untracked 
| 257|0x0000000090100000, 0x0000000090100000, 0x0000000090200000|  0%| F|  |TAMS 0x0000000090100000, 0x0000000090100000| Untracked 
| 258|0x0000000090200000, 0x0000000090200000, 0x0000000090300000|  0%| F|  |TAMS 0x0000000090200000, 0x0000000090200000| Untracked 
| 259|0x0000000090300000, 0x0000000090300000, 0x0000000090400000|  0%| F|  |TAMS 0x0000000090300000, 0x0000000090300000| Untracked 
| 260|0x0000000090400000, 0x0000000090400000, 0x0000000090500000|  0%| F|  |TAMS 0x0000000090400000, 0x0000000090400000| Untracked 
| 261|0x0000000090500000, 0x0000000090500000, 0x0000000090600000|  0%| F|  |TAMS 0x0000000090500000, 0x0000000090500000| Untracked 
| 262|0x0000000090600000, 0x0000000090600000, 0x0000000090700000|  0%| F|  |TAMS 0x0000000090600000, 0x0000000090600000| Untracked 
| 263|0x0000000090700000, 0x0000000090700000, 0x0000000090800000|  0%| F|  |TAMS 0x0000000090700000, 0x0000000090700000| Untracked 
| 264|0x0000000090800000, 0x0000000090800000, 0x0000000090900000|  0%| F|  |TAMS 0x0000000090800000, 0x0000000090800000| Untracked 
| 265|0x0000000090900000, 0x0000000090900000, 0x0000000090a00000|  0%| F|  |TAMS 0x0000000090900000, 0x0000000090900000| Untracked 
| 266|0x0000000090a00000, 0x0000000090a00000, 0x0000000090b00000|  0%| F|  |TAMS 0x0000000090a00000, 0x0000000090a00000| Untracked 
| 267|0x0000000090b00000, 0x0000000090b00000, 0x0000000090c00000|  0%| F|  |TAMS 0x0000000090b00000, 0x0000000090b00000| Untracked 
| 268|0x0000000090c00000, 0x0000000090c00000, 0x0000000090d00000|  0%| F|  |TAMS 0x0000000090c00000, 0x0000000090c00000| Untracked 
| 269|0x0000000090d00000, 0x0000000090d00000, 0x0000000090e00000|  0%| F|  |TAMS 0x0000000090d00000, 0x0000000090d00000| Untracked 
| 270|0x0000000090e00000, 0x0000000090e00000, 0x0000000090f00000|  0%| F|  |TAMS 0x0000000090e00000, 0x0000000090e00000| Untracked 
| 271|0x0000000090f00000, 0x0000000090f00000, 0x0000000091000000|  0%| F|  |TAMS 0x0000000090f00000, 0x0000000090f00000| Untracked 
| 272|0x0000000091000000, 0x0000000091000000, 0x0000000091100000|  0%| F|  |TAMS 0x0000000091000000, 0x0000000091000000| Untracked 
| 273|0x0000000091100000, 0x0000000091100000, 0x0000000091200000|  0%| F|  |TAMS 0x0000000091100000, 0x0000000091100000| Untracked 
| 274|0x0000000091200000, 0x0000000091200000, 0x0000000091300000|  0%| F|  |TAMS 0x0000000091200000, 0x0000000091200000| Untracked 
| 275|0x0000000091300000, 0x0000000091300000, 0x0000000091400000|  0%| F|  |TAMS 0x0000000091300000, 0x0000000091300000| Untracked 
| 276|0x0000000091400000, 0x0000000091400000, 0x0000000091500000|  0%| F|  |TAMS 0x0000000091400000, 0x0000000091400000| Untracked 
| 277|0x0000000091500000, 0x0000000091500000, 0x0000000091600000|  0%| F|  |TAMS 0x0000000091500000, 0x0000000091500000| Untracked 
| 278|0x0000000091600000, 0x0000000091600000, 0x0000000091700000|  0%| F|  |TAMS 0x0000000091600000, 0x0000000091600000| Untracked 
| 279|0x0000000091700000, 0x0000000091700000, 0x0000000091800000|  0%| F|  |TAMS 0x0000000091700000, 0x0000000091700000| Untracked 
| 280|0x0000000091800000, 0x0000000091800000, 0x0000000091900000|  0%| F|  |TAMS 0x0000000091800000, 0x0000000091800000| Untracked 
| 281|0x0000000091900000, 0x0000000091900000, 0x0000000091a00000|  0%| F|  |TAMS 0x0000000091900000, 0x0000000091900000| Untracked 
| 282|0x0000000091a00000, 0x0000000091a00000, 0x0000000091b00000|  0%| F|  |TAMS 0x0000000091a00000, 0x0000000091a00000| Untracked 
| 283|0x0000000091b00000, 0x0000000091b00000, 0x0000000091c00000|  0%| F|  |TAMS 0x0000000091b00000, 0x0000000091b00000| Untracked 
| 284|0x0000000091c00000, 0x0000000091c00000, 0x0000000091d00000|  0%| F|  |TAMS 0x0000000091c00000, 0x0000000091c00000| Untracked 
| 285|0x0000000091d00000, 0x0000000091d00000, 0x0000000091e00000|  0%| F|  |TAMS 0x0000000091d00000, 0x0000000091d00000| Untracked 
| 286|0x0000000091e00000, 0x0000000091e00000, 0x0000000091f00000|  0%| F|  |TAMS 0x0000000091e00000, 0x0000000091e00000| Untracked 
| 287|0x0000000091f00000, 0x0000000091f00000, 0x0000000092000000|  0%| F|  |TAMS 0x0000000091f00000, 0x0000000091f00000| Untracked 
| 288|0x0000000092000000, 0x0000000092000000, 0x0000000092100000|  0%| F|  |TAMS 0x0000000092000000, 0x0000000092000000| Untracked 
| 289|0x0000000092100000, 0x0000000092100000, 0x0000000092200000|  0%| F|  |TAMS 0x0000000092100000, 0x0000000092100000| Untracked 
| 290|0x0000000092200000, 0x0000000092200000, 0x0000000092300000|  0%| F|  |TAMS 0x0000000092200000, 0x0000000092200000| Untracked 
| 291|0x0000000092300000, 0x0000000092300000, 0x0000000092400000|  0%| F|  |TAMS 0x0000000092300000, 0x0000000092300000| Untracked 
| 292|0x0000000092400000, 0x0000000092400000, 0x0000000092500000|  0%| F|  |TAMS 0x0000000092400000, 0x0000000092400000| Untracked 
| 293|0x0000000092500000, 0x00000000925d7850, 0x0000000092600000| 84%| S|CS|TAMS 0x0000000092500000, 0x0000000092500000| Complete 
| 294|0x0000000092600000, 0x0000000092700000, 0x0000000092700000|100%| S|CS|TAMS 0x0000000092600000, 0x0000000092600000| Complete 
| 295|0x0000000092700000, 0x0000000092800000, 0x0000000092800000|100%| S|CS|TAMS 0x0000000092700000, 0x0000000092700000| Complete 
| 296|0x0000000092800000, 0x0000000092900000, 0x0000000092900000|100%| S|CS|TAMS 0x0000000092800000, 0x0000000092800000| Complete 
| 297|0x0000000092900000, 0x0000000092a00000, 0x0000000092a00000|100%| S|CS|TAMS 0x0000000092900000, 0x0000000092900000| Complete 
| 298|0x0000000092a00000, 0x0000000092a00000, 0x0000000092b00000|  0%| F|  |TAMS 0x0000000092a00000, 0x0000000092a00000| Untracked 
| 299|0x0000000092b00000, 0x0000000092b00000, 0x0000000092c00000|  0%| F|  |TAMS 0x0000000092b00000, 0x0000000092b00000| Untracked 
| 300|0x0000000092c00000, 0x0000000092c00000, 0x0000000092d00000|  0%| F|  |TAMS 0x0000000092c00000, 0x0000000092c00000| Untracked 
| 301|0x0000000092d00000, 0x0000000092d00000, 0x0000000092e00000|  0%| F|  |TAMS 0x0000000092d00000, 0x0000000092d00000| Untracked 
| 302|0x0000000092e00000, 0x0000000092e00000, 0x0000000092f00000|  0%| F|  |TAMS 0x0000000092e00000, 0x0000000092e00000| Untracked 
| 303|0x0000000092f00000, 0x0000000092f00000, 0x0000000093000000|  0%| F|  |TAMS 0x0000000092f00000, 0x0000000092f00000| Untracked 
| 304|0x0000000093000000, 0x0000000093000000, 0x0000000093100000|  0%| F|  |TAMS 0x0000000093000000, 0x0000000093000000| Untracked 
| 305|0x0000000093100000, 0x0000000093100000, 0x0000000093200000|  0%| F|  |TAMS 0x0000000093100000, 0x0000000093100000| Untracked 
| 306|0x0000000093200000, 0x0000000093200000, 0x0000000093300000|  0%| F|  |TAMS 0x0000000093200000, 0x0000000093200000| Untracked 
| 307|0x0000000093300000, 0x0000000093300000, 0x0000000093400000|  0%| F|  |TAMS 0x0000000093300000, 0x0000000093300000| Untracked 
| 308|0x0000000093400000, 0x0000000093400000, 0x0000000093500000|  0%| F|  |TAMS 0x0000000093400000, 0x0000000093400000| Untracked 
| 309|0x0000000093500000, 0x0000000093500000, 0x0000000093600000|  0%| F|  |TAMS 0x0000000093500000, 0x0000000093500000| Untracked 
| 310|0x0000000093600000, 0x0000000093600000, 0x0000000093700000|  0%| F|  |TAMS 0x0000000093600000, 0x0000000093600000| Untracked 
| 311|0x0000000093700000, 0x0000000093700000, 0x0000000093800000|  0%| F|  |TAMS 0x0000000093700000, 0x0000000093700000| Untracked 
| 312|0x0000000093800000, 0x0000000093800000, 0x0000000093900000|  0%| F|  |TAMS 0x0000000093800000, 0x0000000093800000| Untracked 
| 313|0x0000000093900000, 0x0000000093900000, 0x0000000093a00000|  0%| F|  |TAMS 0x0000000093900000, 0x0000000093900000| Untracked 
| 314|0x0000000093a00000, 0x0000000093a00000, 0x0000000093b00000|  0%| F|  |TAMS 0x0000000093a00000, 0x0000000093a00000| Untracked 
| 315|0x0000000093b00000, 0x0000000093b00000, 0x0000000093c00000|  0%| F|  |TAMS 0x0000000093b00000, 0x0000000093b00000| Untracked 
| 316|0x0000000093c00000, 0x0000000093c00000, 0x0000000093d00000|  0%| F|  |TAMS 0x0000000093c00000, 0x0000000093c00000| Untracked 
| 317|0x0000000093d00000, 0x0000000093d00000, 0x0000000093e00000|  0%| F|  |TAMS 0x0000000093d00000, 0x0000000093d00000| Untracked 
| 318|0x0000000093e00000, 0x0000000093e00000, 0x0000000093f00000|  0%| F|  |TAMS 0x0000000093e00000, 0x0000000093e00000| Untracked 
| 319|0x0000000093f00000, 0x0000000093f00000, 0x0000000094000000|  0%| F|  |TAMS 0x0000000093f00000, 0x0000000093f00000| Untracked 
| 320|0x0000000094000000, 0x0000000094000000, 0x0000000094100000|  0%| F|  |TAMS 0x0000000094000000, 0x0000000094000000| Untracked 
| 321|0x0000000094100000, 0x0000000094100000, 0x0000000094200000|  0%| F|  |TAMS 0x0000000094100000, 0x0000000094100000| Untracked 
| 322|0x0000000094200000, 0x0000000094200000, 0x0000000094300000|  0%| F|  |TAMS 0x0000000094200000, 0x0000000094200000| Untracked 
| 323|0x0000000094300000, 0x0000000094300000, 0x0000000094400000|  0%| F|  |TAMS 0x0000000094300000, 0x0000000094300000| Untracked 
| 324|0x0000000094400000, 0x0000000094400000, 0x0000000094500000|  0%| F|  |TAMS 0x0000000094400000, 0x0000000094400000| Untracked 
| 325|0x0000000094500000, 0x0000000094500000, 0x0000000094600000|  0%| F|  |TAMS 0x0000000094500000, 0x0000000094500000| Untracked 
| 326|0x0000000094600000, 0x0000000094600000, 0x0000000094700000|  0%| F|  |TAMS 0x0000000094600000, 0x0000000094600000| Untracked 
| 327|0x0000000094700000, 0x0000000094700000, 0x0000000094800000|  0%| F|  |TAMS 0x0000000094700000, 0x0000000094700000| Untracked 
| 328|0x0000000094800000, 0x0000000094800000, 0x0000000094900000|  0%| F|  |TAMS 0x0000000094800000, 0x0000000094800000| Untracked 
| 329|0x0000000094900000, 0x0000000094900000, 0x0000000094a00000|  0%| F|  |TAMS 0x0000000094900000, 0x0000000094900000| Untracked 
| 330|0x0000000094a00000, 0x0000000094a00000, 0x0000000094b00000|  0%| F|  |TAMS 0x0000000094a00000, 0x0000000094a00000| Untracked 
| 331|0x0000000094b00000, 0x0000000094b00000, 0x0000000094c00000|  0%| F|  |TAMS 0x0000000094b00000, 0x0000000094b00000| Untracked 
| 332|0x0000000094c00000, 0x0000000094c00000, 0x0000000094d00000|  0%| F|  |TAMS 0x0000000094c00000, 0x0000000094c00000| Untracked 
| 333|0x0000000094d00000, 0x0000000094d00000, 0x0000000094e00000|  0%| F|  |TAMS 0x0000000094d00000, 0x0000000094d00000| Untracked 
| 334|0x0000000094e00000, 0x0000000094e00000, 0x0000000094f00000|  0%| F|  |TAMS 0x0000000094e00000, 0x0000000094e00000| Untracked 
| 335|0x0000000094f00000, 0x0000000094f00000, 0x0000000095000000|  0%| F|  |TAMS 0x0000000094f00000, 0x0000000094f00000| Untracked 
| 336|0x0000000095000000, 0x0000000095000000, 0x0000000095100000|  0%| F|  |TAMS 0x0000000095000000, 0x0000000095000000| Untracked 
| 337|0x0000000095100000, 0x0000000095100000, 0x0000000095200000|  0%| F|  |TAMS 0x0000000095100000, 0x0000000095100000| Untracked 
| 338|0x0000000095200000, 0x0000000095200000, 0x0000000095300000|  0%| F|  |TAMS 0x0000000095200000, 0x0000000095200000| Untracked 
| 339|0x0000000095300000, 0x0000000095300000, 0x0000000095400000|  0%| F|  |TAMS 0x0000000095300000, 0x0000000095300000| Untracked 
| 340|0x0000000095400000, 0x0000000095400000, 0x0000000095500000|  0%| F|  |TAMS 0x0000000095400000, 0x0000000095400000| Untracked 
| 341|0x0000000095500000, 0x0000000095500000, 0x0000000095600000|  0%| F|  |TAMS 0x0000000095500000, 0x0000000095500000| Untracked 
| 342|0x0000000095600000, 0x0000000095600000, 0x0000000095700000|  0%| F|  |TAMS 0x0000000095600000, 0x0000000095600000| Untracked 
| 343|0x0000000095700000, 0x0000000095700000, 0x0000000095800000|  0%| F|  |TAMS 0x0000000095700000, 0x0000000095700000| Untracked 
| 344|0x0000000095800000, 0x0000000095800000, 0x0000000095900000|  0%| F|  |TAMS 0x0000000095800000, 0x0000000095800000| Untracked 
| 345|0x0000000095900000, 0x00000000959bfef0, 0x0000000095a00000| 74%| E|  |TAMS 0x0000000095900000, 0x0000000095900000| Complete 
| 346|0x0000000095a00000, 0x0000000095b00000, 0x0000000095b00000|100%| E|CS|TAMS 0x0000000095a00000, 0x0000000095a00000| Complete 
| 347|0x0000000095b00000, 0x0000000095c00000, 0x0000000095c00000|100%| E|CS|TAMS 0x0000000095b00000, 0x0000000095b00000| Complete 
| 348|0x0000000095c00000, 0x0000000095d00000, 0x0000000095d00000|100%| E|CS|TAMS 0x0000000095c00000, 0x0000000095c00000| Complete 
| 349|0x0000000095d00000, 0x0000000095e00000, 0x0000000095e00000|100%| E|CS|TAMS 0x0000000095d00000, 0x0000000095d00000| Complete 
| 350|0x0000000095e00000, 0x0000000095f00000, 0x0000000095f00000|100%| E|CS|TAMS 0x0000000095e00000, 0x0000000095e00000| Complete 
| 351|0x0000000095f00000, 0x0000000096000000, 0x0000000096000000|100%| E|CS|TAMS 0x0000000095f00000, 0x0000000095f00000| Complete 
| 352|0x0000000096000000, 0x0000000096100000, 0x0000000096100000|100%| E|CS|TAMS 0x0000000096000000, 0x0000000096000000| Complete 
| 353|0x0000000096100000, 0x0000000096200000, 0x0000000096200000|100%| E|CS|TAMS 0x0000000096100000, 0x0000000096100000| Complete 
| 354|0x0000000096200000, 0x0000000096300000, 0x0000000096300000|100%| E|CS|TAMS 0x0000000096200000, 0x0000000096200000| Complete 
| 355|0x0000000096300000, 0x0000000096400000, 0x0000000096400000|100%| E|  |TAMS 0x0000000096300000, 0x0000000096300000| Complete 
| 356|0x0000000096400000, 0x0000000096500000, 0x0000000096500000|100%| E|CS|TAMS 0x0000000096400000, 0x0000000096400000| Complete 
| 357|0x0000000096500000, 0x0000000096600000, 0x0000000096600000|100%| E|CS|TAMS 0x0000000096500000, 0x0000000096500000| Complete 
| 358|0x0000000096600000, 0x0000000096700000, 0x0000000096700000|100%| E|CS|TAMS 0x0000000096600000, 0x0000000096600000| Complete 
| 359|0x0000000096700000, 0x0000000096800000, 0x0000000096800000|100%| E|CS|TAMS 0x0000000096700000, 0x0000000096700000| Complete 
| 360|0x0000000096800000, 0x0000000096900000, 0x0000000096900000|100%| E|CS|TAMS 0x0000000096800000, 0x0000000096800000| Complete 
| 361|0x0000000096900000, 0x0000000096a00000, 0x0000000096a00000|100%| E|CS|TAMS 0x0000000096900000, 0x0000000096900000| Complete 
| 362|0x0000000096a00000, 0x0000000096b00000, 0x0000000096b00000|100%| E|CS|TAMS 0x0000000096a00000, 0x0000000096a00000| Complete 
| 363|0x0000000096b00000, 0x0000000096c00000, 0x0000000096c00000|100%| E|CS|TAMS 0x0000000096b00000, 0x0000000096b00000| Complete 
| 364|0x0000000096c00000, 0x0000000096d00000, 0x0000000096d00000|100%| E|CS|TAMS 0x0000000096c00000, 0x0000000096c00000| Complete 
| 365|0x0000000096d00000, 0x0000000096e00000, 0x0000000096e00000|100%| E|CS|TAMS 0x0000000096d00000, 0x0000000096d00000| Complete 
| 366|0x0000000096e00000, 0x0000000096f00000, 0x0000000096f00000|100%| E|CS|TAMS 0x0000000096e00000, 0x0000000096e00000| Complete 
| 367|0x0000000096f00000, 0x0000000097000000, 0x0000000097000000|100%| E|CS|TAMS 0x0000000096f00000, 0x0000000096f00000| Complete 
| 368|0x0000000097000000, 0x0000000097100000, 0x0000000097100000|100%| E|CS|TAMS 0x0000000097000000, 0x0000000097000000| Complete 
| 369|0x0000000097100000, 0x0000000097200000, 0x0000000097200000|100%| E|CS|TAMS 0x0000000097100000, 0x0000000097100000| Complete 
| 370|0x0000000097200000, 0x0000000097300000, 0x0000000097300000|100%| E|CS|TAMS 0x0000000097200000, 0x0000000097200000| Complete 
| 371|0x0000000097300000, 0x0000000097400000, 0x0000000097400000|100%| E|CS|TAMS 0x0000000097300000, 0x0000000097300000| Complete 
| 372|0x0000000097400000, 0x0000000097500000, 0x0000000097500000|100%| E|CS|TAMS 0x0000000097400000, 0x0000000097400000| Complete 
| 373|0x0000000097500000, 0x0000000097600000, 0x0000000097600000|100%| E|CS|TAMS 0x0000000097500000, 0x0000000097500000| Complete 
| 374|0x0000000097600000, 0x0000000097700000, 0x0000000097700000|100%| E|CS|TAMS 0x0000000097600000, 0x0000000097600000| Complete 
| 375|0x0000000097700000, 0x0000000097800000, 0x0000000097800000|100%| E|CS|TAMS 0x0000000097700000, 0x0000000097700000| Complete 
| 376|0x0000000097800000, 0x0000000097900000, 0x0000000097900000|100%| E|CS|TAMS 0x0000000097800000, 0x0000000097800000| Complete 
| 377|0x0000000097900000, 0x0000000097a00000, 0x0000000097a00000|100%| E|CS|TAMS 0x0000000097900000, 0x0000000097900000| Complete 
| 378|0x0000000097a00000, 0x0000000097b00000, 0x0000000097b00000|100%| E|CS|TAMS 0x0000000097a00000, 0x0000000097a00000| Complete 
| 379|0x0000000097b00000, 0x0000000097c00000, 0x0000000097c00000|100%| E|CS|TAMS 0x0000000097b00000, 0x0000000097b00000| Complete 
| 380|0x0000000097c00000, 0x0000000097d00000, 0x0000000097d00000|100%| E|CS|TAMS 0x0000000097c00000, 0x0000000097c00000| Complete 
| 381|0x0000000097d00000, 0x0000000097e00000, 0x0000000097e00000|100%| E|CS|TAMS 0x0000000097d00000, 0x0000000097d00000| Complete 

Card table byte_map: [0x000001fff31b0000,0x000001fff35b0000] _byte_map_base: 0x000001fff2db0000

Marking Bits (Prev, Next): (CMBitMap*) 0x000001ffe90f9b90, (CMBitMap*) 0x000001ffe90f9bd0
 Prev Bits: [0x000001fff39b0000, 0x000001fff59b0000)
 Next Bits: [0x000001fff59b0000, 0x000001fff79b0000)

Polling page: 0x000001ffe9040000

Metaspace:

Usage:
  Non-class:    106.54 MB used.
      Class:     16.97 MB used.
       Both:    123.52 MB used.

Virtual space:
  Non-class space:      128.00 MB reserved,     107.38 MB ( 84%) committed,  2 nodes.
      Class space:      416.00 MB reserved,      17.81 MB (  4%) committed,  1 nodes.
             Both:      544.00 MB reserved,     125.19 MB ( 23%) committed. 

Chunk freelists:
   Non-Class:  3.88 MB
       Class:  14.12 MB
        Both:  18.00 MB

MaxMetaspaceSize: 512.00 MB
CompressedClassSpaceSize: 416.00 MB
Initial GC threshold: 21.00 MB
Current GC threshold: 207.62 MB
CDS: on
MetaspaceReclaimPolicy: balanced
 - commit_granule_bytes: 65536.
 - commit_granule_words: 8192.
 - virtual_space_node_default_size: 8388608.
 - enlarge_chunks_in_place: 1.
 - new_chunks_are_fully_committed: 0.
 - uncommit_free_chunks: 1.
 - use_allocation_guard: 0.
 - handle_deallocations: 1.


Internal statistics:

num_allocs_failed_limit: 9.
num_arena_births: 2186.
num_arena_deaths: 4.
num_vsnodes_births: 3.
num_vsnodes_deaths: 0.
num_space_committed: 2003.
num_space_uncommitted: 0.
num_chunks_returned_to_freelist: 15.
num_chunks_taken_from_freelist: 8152.
num_chunk_merges: 9.
num_chunk_splits: 5105.
num_chunks_enlarged: 2951.
num_inconsistent_stats: 0.

CodeHeap 'non-profiled nmethods': size=120000Kb used=11365Kb max_used=11365Kb free=108634Kb
 bounds [0x000001ff87ad0000, 0x000001ff885f0000, 0x000001ff8f000000]
CodeHeap 'profiled nmethods': size=120000Kb used=29997Kb max_used=30472Kb free=90003Kb
 bounds [0x000001ff80000000, 0x000001ff81df0000, 0x000001ff87530000]
CodeHeap 'non-nmethods': size=5760Kb used=2507Kb max_used=2570Kb free=3252Kb
 bounds [0x000001ff87530000, 0x000001ff877d0000, 0x000001ff87ad0000]
 total_blobs=16211 nmethods=15176 adapters=946
 compilation: enabled
              stopped_count=0, restarted_count=0
 full_count=0

Compilation events (20 events):
Event: 27.547 Thread 0x000001fffa846550 nmethod 18258 0x000001ff80bf8d10 code [0x000001ff80bf8fe0, 0x000001ff80bfa0a8]
Event: 27.547 Thread 0x000001fffa846550 18259       3       org.gradle.internal.classpath.TransformedClassPath$Builder::add (28 bytes)
Event: 27.547 Thread 0x000001fffa846550 nmethod 18259 0x000001ff80c8d990 code [0x000001ff80c8dba0, 0x000001ff80c8e4c8]
Event: 27.547 Thread 0x000001fffa846550 18260       3       org.gradle.internal.classpath.DefaultClassPath$Builder::add (9 bytes)
Event: 27.547 Thread 0x000001fffa846550 nmethod 18260 0x000001ff807d2190 code [0x000001ff807d2340, 0x000001ff807d2488]
Event: 27.549 Thread 0x000001fffa846550 18261   !   3       org.gradle.internal.classpath.DefaultClassPath::toURL (14 bytes)
Event: 27.550 Thread 0x000001fffa846550 nmethod 18261 0x000001ff80c77b90 code [0x000001ff80c77d60, 0x000001ff80c78068]
Event: 27.550 Thread 0x000001fffa846550 18262   !   3       java.io.File::toURI (69 bytes)
Event: 27.551 Thread 0x000001fffa846550 nmethod 18262 0x000001ff81256a10 code [0x000001ff81256ce0, 0x000001ff81257b88]
Event: 27.553 Thread 0x000001fffa842740 nmethod 18254 0x000001ff885e7490 code [0x000001ff885e7640, 0x000001ff885e83f8]
Event: 27.565 Thread 0x000001ffb18129d0 18263   !   4       org.gradle.internal.serialize.kryo.KryoBackedDecoder::readSmallLong (16 bytes)
Event: 27.566 Thread 0x000001ffb18129d0 nmethod 18263 0x000001ff885e8710 code [0x000001ff885e88a0, 0x000001ff885e8998]
Event: 27.568 Thread 0x000001fffa846550 18264       3       jdk.internal.loader.URLClassPath$FileLoader$1::getContentLength (9 bytes)
Event: 27.568 Thread 0x000001fffa846550 nmethod 18264 0x000001ff81d66e90 code [0x000001ff81d67080, 0x000001ff81d67548]
Event: 27.570 Thread 0x000001fffa842740 18265       4       org.gradle.internal.reflect.PropertyAccessorType::of (101 bytes)
Event: 27.573 Thread 0x000001fffa846550 18266       3       org.gradle.api.internal.project.DefaultProjectStateRegistry$ProjectStateImpl$$Lambda$1145/0x000001ff90875670::apply (12 bytes)
Event: 27.573 Thread 0x000001fffa846550 nmethod 18266 0x000001ff80638190 code [0x000001ff80638340, 0x000001ff80638688]
Event: 27.573 Thread 0x000001fffa846550 18267       3       org.gradle.api.internal.project.DefaultProjectStateRegistry$ProjectStateImpl::lambda$applyToMutableState$1 (9 bytes)
Event: 27.573 Thread 0x000001fffa846550 nmethod 18267 0x000001ff80c64b90 code [0x000001ff80c64d40, 0x000001ff80c64f08]
Event: 27.576 Thread 0x000001fffa842740 nmethod 18265 0x000001ff885e8b10 code [0x000001ff885e8cc0, 0x000001ff885e9168]

GC Heap History (20 events):
Event: 25.688 GC heap before
{Heap before GC invocations=62 (full 0):
 garbage-first heap   total 281600K, used 238736K [0x0000000080000000, 0x0000000100000000)
  region size 1024K, 44 young (45056K), 7 survivors (7168K)
 Metaspace       used 125518K, committed 127104K, reserved 557056K
  class space    used 17250K, committed 18048K, reserved 425984K
}
Event: 25.692 GC heap after
{Heap after GC invocations=63 (full 0):
 garbage-first heap   total 281600K, used 205702K [0x0000000080000000, 0x0000000100000000)
  region size 1024K, 4 young (4096K), 4 survivors (4096K)
 Metaspace       used 125518K, committed 127104K, reserved 557056K
  class space    used 17250K, committed 18048K, reserved 425984K
}
Event: 25.739 GC heap before
{Heap before GC invocations=63 (full 0):
 garbage-first heap   total 281600K, used 239494K [0x0000000080000000, 0x0000000100000000)
  region size 1024K, 38 young (38912K), 4 survivors (4096K)
 Metaspace       used 125518K, committed 127104K, reserved 557056K
  class space    used 17250K, committed 18048K, reserved 425984K
}
Event: 25.741 GC heap after
{Heap after GC invocations=64 (full 0):
 garbage-first heap   total 281600K, used 206534K [0x0000000080000000, 0x0000000100000000)
  region size 1024K, 3 young (3072K), 3 survivors (3072K)
 Metaspace       used 125518K, committed 127104K, reserved 557056K
  class space    used 17250K, committed 18048K, reserved 425984K
}
Event: 25.794 GC heap before
{Heap before GC invocations=64 (full 0):
 garbage-first heap   total 281600K, used 241350K [0x0000000080000000, 0x0000000100000000)
  region size 1024K, 38 young (38912K), 3 survivors (3072K)
 Metaspace       used 125518K, committed 127104K, reserved 557056K
  class space    used 17250K, committed 18048K, reserved 425984K
}
Event: 25.796 GC heap after
{Heap after GC invocations=65 (full 0):
 garbage-first heap   total 281600K, used 207444K [0x0000000080000000, 0x0000000100000000)
  region size 1024K, 3 young (3072K), 3 survivors (3072K)
 Metaspace       used 125518K, committed 127104K, reserved 557056K
  class space    used 17250K, committed 18048K, reserved 425984K
}
Event: 26.048 GC heap before
{Heap before GC invocations=65 (full 0):
 garbage-first heap   total 281600K, used 246356K [0x0000000080000000, 0x0000000100000000)
  region size 1024K, 38 young (38912K), 3 survivors (3072K)
 Metaspace       used 125742K, committed 127360K, reserved 557056K
  class space    used 17282K, committed 18112K, reserved 425984K
}
Event: 26.052 GC heap after
{Heap after GC invocations=66 (full 0):
 garbage-first heap   total 346112K, used 216967K [0x0000000080000000, 0x0000000100000000)
  region size 1024K, 5 young (5120K), 5 survivors (5120K)
 Metaspace       used 125742K, committed 127360K, reserved 557056K
  class space    used 17282K, committed 18112K, reserved 425984K
}
Event: 26.364 GC heap before
{Heap before GC invocations=66 (full 0):
 garbage-first heap   total 346112K, used 284551K [0x0000000080000000, 0x0000000100000000)
  region size 1024K, 72 young (73728K), 5 survivors (5120K)
 Metaspace       used 125845K, committed 127488K, reserved 557056K
  class space    used 17288K, committed 18112K, reserved 425984K
}
Event: 26.368 GC heap after
{Heap after GC invocations=67 (full 0):
 garbage-first heap   total 346112K, used 223194K [0x0000000080000000, 0x0000000100000000)
  region size 1024K, 7 young (7168K), 7 survivors (7168K)
 Metaspace       used 125845K, committed 127488K, reserved 557056K
  class space    used 17288K, committed 18112K, reserved 425984K
}
Event: 26.478 GC heap before
{Heap before GC invocations=67 (full 0):
 garbage-first heap   total 346112K, used 286682K [0x0000000080000000, 0x0000000100000000)
  region size 1024K, 70 young (71680K), 7 survivors (7168K)
 Metaspace       used 125845K, committed 127488K, reserved 557056K
  class space    used 17288K, committed 18112K, reserved 425984K
}
Event: 26.482 GC heap after
{Heap after GC invocations=68 (full 0):
 garbage-first heap   total 346112K, used 225484K [0x0000000080000000, 0x0000000100000000)
  region size 1024K, 5 young (5120K), 5 survivors (5120K)
 Metaspace       used 125845K, committed 127488K, reserved 557056K
  class space    used 17288K, committed 18112K, reserved 425984K
}
Event: 26.582 GC heap before
{Heap before GC invocations=68 (full 0):
 garbage-first heap   total 346112K, used 272588K [0x0000000080000000, 0x0000000100000000)
  region size 1024K, 53 young (54272K), 5 survivors (5120K)
 Metaspace       used 125897K, committed 127488K, reserved 557056K
  class space    used 17293K, committed 18112K, reserved 425984K
}
Event: 26.586 GC heap after
{Heap after GC invocations=69 (full 0):
 garbage-first heap   total 346112K, used 226933K [0x0000000080000000, 0x0000000100000000)
  region size 1024K, 6 young (6144K), 6 survivors (6144K)
 Metaspace       used 125897K, committed 127488K, reserved 557056K
  class space    used 17293K, committed 18112K, reserved 425984K
}
Event: 27.300 GC heap before
{Heap before GC invocations=70 (full 0):
 garbage-first heap   total 391168K, used 291445K [0x0000000080000000, 0x0000000100000000)
  region size 1024K, 66 young (67584K), 6 survivors (6144K)
 Metaspace       used 126444K, committed 128128K, reserved 557056K
  class space    used 17377K, committed 18176K, reserved 425984K
}
Event: 27.305 GC heap after
{Heap after GC invocations=71 (full 0):
 garbage-first heap   total 391168K, used 242571K [0x0000000080000000, 0x0000000100000000)
  region size 1024K, 9 young (9216K), 9 survivors (9216K)
 Metaspace       used 126444K, committed 128128K, reserved 557056K
  class space    used 17377K, committed 18176K, reserved 425984K
}
Event: 27.378 GC heap before
{Heap before GC invocations=71 (full 0):
 garbage-first heap   total 391168K, used 251787K [0x0000000080000000, 0x0000000100000000)
  region size 1024K, 19 young (19456K), 9 survivors (9216K)
 Metaspace       used 126447K, committed 128128K, reserved 557056K
  class space    used 17377K, committed 18176K, reserved 425984K
}
Event: 27.383 GC heap after
{Heap after GC invocations=72 (full 0):
 garbage-first heap   total 391168K, used 237637K [0x0000000080000000, 0x0000000100000000)
  region size 1024K, 3 young (3072K), 3 survivors (3072K)
 Metaspace       used 126447K, committed 128128K, reserved 557056K
  class space    used 17377K, committed 18176K, reserved 425984K
}
Event: 27.502 GC heap before
{Heap before GC invocations=72 (full 0):
 garbage-first heap   total 391168K, used 319557K [0x0000000080000000, 0x0000000100000000)
  region size 1024K, 84 young (86016K), 3 survivors (3072K)
 Metaspace       used 126448K, committed 128128K, reserved 557056K
  class space    used 17377K, committed 18176K, reserved 425984K
}
Event: 27.505 GC heap after
{Heap after GC invocations=73 (full 0):
 garbage-first heap   total 391168K, used 240440K [0x0000000080000000, 0x0000000100000000)
  region size 1024K, 5 young (5120K), 5 survivors (5120K)
 Metaspace       used 126448K, committed 128128K, reserved 557056K
  class space    used 17377K, committed 18176K, reserved 425984K
}

Deoptimization events (20 events):
Event: 26.527 Thread 0x000001ffae674600 Uncommon trap: trap_request=0xffffff45 fr.pc=0x000001ff87ba2c48 relative=0x0000000000000f68
Event: 26.527 Thread 0x000001ffae674600 Uncommon trap: reason=unstable_if action=reinterpret pc=0x000001ff87ba2c48 method=java.util.concurrent.ConcurrentHashMap.transfer([Ljava/util/concurrent/ConcurrentHashMap$Node;[Ljava/util/concurrent/ConcurrentHashMap$Node;)V @ 347 c2
Event: 26.527 Thread 0x000001ffae674600 DEOPT PACKING pc=0x000001ff87ba2c48 sp=0x000000055abfe230
Event: 26.527 Thread 0x000001ffae674600 DEOPT UNPACKING pc=0x000001ff87585ba3 sp=0x000000055abfe190 mode 2
Event: 26.927 Thread 0x000001ffaa39b340 Uncommon trap: trap_request=0xffffff45 fr.pc=0x000001ff883c3ea4 relative=0x0000000000002b64
Event: 26.927 Thread 0x000001ffaa39b340 Uncommon trap: reason=unstable_if action=reinterpret pc=0x000001ff883c3ea4 method=org.gradle.internal.classloader.FilteringClassLoader.classAllowed(Ljava/lang/String;)Z @ 25 c2
Event: 26.927 Thread 0x000001ffaa39b340 DEOPT PACKING pc=0x000001ff883c3ea4 sp=0x00000005574f0890
Event: 26.927 Thread 0x000001ffaa39b340 DEOPT UNPACKING pc=0x000001ff87585ba3 sp=0x00000005574f0808 mode 2
Event: 26.933 Thread 0x000001ffaa39b340 Uncommon trap: trap_request=0xffffff45 fr.pc=0x000001ff8856d74c relative=0x00000000000003ec
Event: 26.933 Thread 0x000001ffaa39b340 Uncommon trap: reason=unstable_if action=reinterpret pc=0x000001ff8856d74c method=org.gradle.internal.classpath.InstrumentedGroovyMetaClassHelper.addInvocationHooksToMetaClassIfInstrumented(Ljava/lang/Class;Ljava/lang/String;)V @ 14 c2
Event: 26.933 Thread 0x000001ffaa39b340 DEOPT PACKING pc=0x000001ff8856d74c sp=0x00000005574f8a50
Event: 26.933 Thread 0x000001ffaa39b340 DEOPT UNPACKING pc=0x000001ff87585ba3 sp=0x00000005574f8990 mode 2
Event: 27.307 Thread 0x000001ffaa39b340 Uncommon trap: trap_request=0xffffff45 fr.pc=0x000001ff882bade0 relative=0x0000000000000f60
Event: 27.307 Thread 0x000001ffaa39b340 Uncommon trap: reason=unstable_if action=reinterpret pc=0x000001ff882bade0 method=com.google.common.cache.LocalCache$Segment.drainValueReferenceQueue()V @ 11 c2
Event: 27.307 Thread 0x000001ffaa39b340 DEOPT PACKING pc=0x000001ff882bade0 sp=0x00000005574f78d0
Event: 27.307 Thread 0x000001ffaa39b340 DEOPT UNPACKING pc=0x000001ff87585ba3 sp=0x00000005574f76a0 mode 2
Event: 27.307 Thread 0x000001ffaa39b340 Uncommon trap: trap_request=0xffffff45 fr.pc=0x000001ff87f67ea0 relative=0x00000000000008a0
Event: 27.307 Thread 0x000001ffaa39b340 Uncommon trap: reason=unstable_if action=reinterpret pc=0x000001ff87f67ea0 method=com.google.common.cache.LocalCache$Segment.drainValueReferenceQueue()V @ 11 c2
Event: 27.307 Thread 0x000001ffaa39b340 DEOPT PACKING pc=0x000001ff87f67ea0 sp=0x00000005574f75e0
Event: 27.307 Thread 0x000001ffaa39b340 DEOPT UNPACKING pc=0x000001ff87585ba3 sp=0x00000005574f74e8 mode 2

Classes unloaded (2 events):
Event: 26.686 Thread 0x000001fffa6fea00 Unloading class 0x000001ff90c14800 'java/lang/invoke/LambdaForm$MH+0x000001ff90c14800'
Event: 26.686 Thread 0x000001fffa6fea00 Unloading class 0x000001ff90c14000 'java/lang/invoke/LambdaForm$DMH+0x000001ff90c14000'

Classes redefined (0 events):
No events

Internal exceptions (20 events):
Event: 26.930 Thread 0x000001ffaa39b340 Exception <a 'java/lang/ClassNotFoundException'{0x000000009700dd68}: org/apache/groovy/json/internal/LazyMapBeanInfo> (0x000000009700dd68) 
thrown [s\open\src\hotspot\share\classfile\systemDictionary.cpp, line 256]
Event: 26.931 Thread 0x000001ffaa39b340 Exception <a 'java/lang/ClassNotFoundException'{0x0000000097034db0}: org/apache/groovy/json/internal/LazyMapCustomizer> (0x0000000097034db0) 
thrown [s\open\src\hotspot\share\classfile\systemDictionary.cpp, line 256]
Event: 26.945 Thread 0x000001ffaa39b340 Exception <a 'java/lang/ClassNotFoundException'{0x0000000096fcdb20}: org/gradle/api/internal/artifacts/dependencies/DefaultProjectDependency_DecoratedBeanInfo> (0x0000000096fcdb20) 
thrown [s\open\src\hotspot\share\classfile\systemDictionary.cpp, line 256]
Event: 26.946 Thread 0x000001ffaa39b340 Exception <a 'java/lang/ClassNotFoundException'{0x0000000096ff0a30}: org/gradle/api/internal/artifacts/dependencies/DefaultProjectDependencyBeanInfo> (0x0000000096ff0a30) 
thrown [s\open\src\hotspot\share\classfile\systemDictionary.cpp, line 256]
Event: 26.947 Thread 0x000001ffaa39b340 Exception <a 'java/lang/ClassNotFoundException'{0x0000000096e11070}: org/gradle/api/internal/artifacts/dependencies/AbstractModuleDependencyBeanInfo> (0x0000000096e11070) 
thrown [s\open\src\hotspot\share\classfile\systemDictionary.cpp, line 256]
Event: 26.948 Thread 0x000001ffaa39b340 Exception <a 'java/lang/ClassNotFoundException'{0x0000000096e30f78}: org/gradle/api/internal/artifacts/dependencies/AbstractDependencyBeanInfo> (0x0000000096e30f78) 
thrown [s\open\src\hotspot\share\classfile\systemDictionary.cpp, line 256]
Event: 26.949 Thread 0x000001ffaa39b340 Exception <a 'java/lang/ClassNotFoundException'{0x0000000096e51140}: org/gradle/api/internal/artifacts/dependencies/AbstractDependencyCustomizer> (0x0000000096e51140) 
thrown [s\open\src\hotspot\share\classfile\systemDictionary.cpp, line 256]
Event: 26.949 Thread 0x000001ffaa39b340 Exception <a 'java/lang/ClassNotFoundException'{0x0000000096e74a18}: org/gradle/api/internal/artifacts/dependencies/AbstractModuleDependencyCustomizer> (0x0000000096e74a18) 
thrown [s\open\src\hotspot\share\classfile\systemDictionary.cpp, line 256]
Event: 26.950 Thread 0x000001ffaa39b340 Exception <a 'java/lang/ClassNotFoundException'{0x0000000096eb5790}: org/gradle/api/internal/artifacts/dependencies/DefaultProjectDependencyCustomizer> (0x0000000096eb5790) 
thrown [s\open\src\hotspot\share\classfile\systemDictionary.cpp, line 256]
Event: 26.951 Thread 0x000001ffaa39b340 Exception <a 'java/lang/ClassNotFoundException'{0x0000000096eeee18}: org/gradle/api/internal/artifacts/dependencies/DefaultProjectDependency_DecoratedCustomizer> (0x0000000096eeee18) 
thrown [s\open\src\hotspot\share\classfile\systemDictionary.cpp, line 256]
Event: 27.077 Thread 0x000001ffaa39b340 Exception <a 'java/lang/ClassNotFoundException'{0x00000000959ad6e0}: build_74aoi2o6vzm4vi1nd8j42t4toBeanInfo> (0x00000000959ad6e0) 
thrown [s\open\src\hotspot\share\classfile\systemDictionary.cpp, line 256]
Event: 27.078 Thread 0x000001ffaa39b340 Exception <a 'java/lang/ClassNotFoundException'{0x00000000959b5b50}: build_74aoi2o6vzm4vi1nd8j42t4toCustomizer> (0x00000000959b5b50) 
thrown [s\open\src\hotspot\share\classfile\systemDictionary.cpp, line 256]
Event: 27.090 Thread 0x000001ffaa39b340 Exception <a 'java/lang/ClassNotFoundException'{0x00000000958c7498}: build_74aoi2o6vzm4vi1nd8j42t4toBeanInfo> (0x00000000958c7498) 
thrown [s\open\src\hotspot\share\classfile\systemDictionary.cpp, line 256]
Event: 27.090 Thread 0x000001ffaa39b340 Exception <a 'java/lang/ClassNotFoundException'{0x00000000958cf0d8}: build_74aoi2o6vzm4vi1nd8j42t4toCustomizer> (0x00000000958cf0d8) 
thrown [s\open\src\hotspot\share\classfile\systemDictionary.cpp, line 256]
Event: 27.108 Thread 0x000001ffaa39b340 Exception <a 'java/lang/ClassNotFoundException'{0x00000000955fb818}: build_74aoi2o6vzm4vi1nd8j42t4to$_run_closure1BeanInfo> (0x00000000955fb818) 
thrown [s\open\src\hotspot\share\classfile\systemDictionary.cpp, line 256]
Event: 27.109 Thread 0x000001ffaa39b340 Exception <a 'java/lang/ClassNotFoundException'{0x000000009542cf88}: build_74aoi2o6vzm4vi1nd8j42t4to$_run_closure1Customizer> (0x000000009542cf88) 
thrown [s\open\src\hotspot\share\classfile\systemDictionary.cpp, line 256]
Event: 27.181 Thread 0x000001ffaa39b340 Exception <a 'java/lang/ClassNotFoundException'{0x00000000947eb280}: build_4hdv82xurjzxfsomb539nth08BeanInfo> (0x00000000947eb280) 
thrown [s\open\src\hotspot\share\classfile\systemDictionary.cpp, line 256]
Event: 27.182 Thread 0x000001ffaa39b340 Exception <a 'java/lang/ClassNotFoundException'{0x00000000947f36c0}: build_4hdv82xurjzxfsomb539nth08Customizer> (0x00000000947f36c0) 
thrown [s\open\src\hotspot\share\classfile\systemDictionary.cpp, line 256]
Event: 27.571 Thread 0x000001ffaa39b340 Exception <a 'java/lang/ClassNotFoundException'{0x0000000095af84e0}: build_4hdv82xurjzxfsomb539nth08BeanInfo> (0x0000000095af84e0) 
thrown [s\open\src\hotspot\share\classfile\systemDictionary.cpp, line 256]
Event: 27.571 Thread 0x000001ffaa39b340 Exception <a 'java/lang/ClassNotFoundException'{0x0000000095900410}: build_4hdv82xurjzxfsomb539nth08Customizer> (0x0000000095900410) 
thrown [s\open\src\hotspot\share\classfile\systemDictionary.cpp, line 256]

VM Operations (20 events):
Event: 26.582 Executing VM operation: CollectForMetadataAllocation
Event: 26.586 Executing VM operation: CollectForMetadataAllocation done
Event: 26.686 Executing VM operation: G1Concurrent
Event: 26.700 Executing VM operation: G1Concurrent done
Event: 26.744 Executing VM operation: G1Concurrent
Event: 26.766 Executing VM operation: G1Concurrent done
Event: 26.881 Executing VM operation: HandshakeAllThreads
Event: 26.881 Executing VM operation: HandshakeAllThreads done
Event: 26.883 Executing VM operation: HandshakeAllThreads
Event: 26.884 Executing VM operation: HandshakeAllThreads done
Event: 26.923 Executing VM operation: HandshakeAllThreads
Event: 26.923 Executing VM operation: HandshakeAllThreads done
Event: 27.300 Executing VM operation: G1CollectForAllocation
Event: 27.306 Executing VM operation: G1CollectForAllocation done
Event: 27.378 Executing VM operation: G1CollectForAllocation
Event: 27.383 Executing VM operation: G1CollectForAllocation done
Event: 27.403 Executing VM operation: HandshakeAllThreads
Event: 27.404 Executing VM operation: HandshakeAllThreads done
Event: 27.502 Executing VM operation: G1CollectForAllocation
Event: 27.505 Executing VM operation: G1CollectForAllocation done

Events (20 events):
Event: 27.417 Thread 0x000001fffa853680 flushing nmethod 0x000001ff80eb8510
Event: 27.417 Thread 0x000001fffa853680 flushing nmethod 0x000001ff80eb9210
Event: 27.418 Thread 0x000001fffa853680 flushing nmethod 0x000001ff81047b10
Event: 27.418 Thread 0x000001fffa853680 flushing nmethod 0x000001ff8106f410
Event: 27.418 Thread 0x000001fffa853680 flushing nmethod 0x000001ff8108f310
Event: 27.418 Thread 0x000001fffa853680 flushing nmethod 0x000001ff8109bf10
Event: 27.418 Thread 0x000001fffa853680 flushing nmethod 0x000001ff8109ca90
Event: 27.418 Thread 0x000001fffa853680 flushing nmethod 0x000001ff810dee90
Event: 27.418 Thread 0x000001fffa853680 flushing nmethod 0x000001ff810e1b90
Event: 27.418 Thread 0x000001fffa853680 flushing nmethod 0x000001ff810e3a90
Event: 27.419 Thread 0x000001fffa853680 flushing nmethod 0x000001ff81207c10
Event: 27.419 Thread 0x000001fffa853680 flushing nmethod 0x000001ff81292890
Event: 27.419 Thread 0x000001fffa853680 flushing nmethod 0x000001ff812e2810
Event: 27.419 Thread 0x000001fffa853680 flushing nmethod 0x000001ff81314f10
Event: 27.420 Thread 0x000001fffa853680 flushing nmethod 0x000001ff81341610
Event: 27.420 Thread 0x000001fffa853680 flushing nmethod 0x000001ff81341990
Event: 27.421 Thread 0x000001fffa853680 flushing nmethod 0x000001ff815b9190
Event: 27.422 Thread 0x000001fffa853680 flushing nmethod 0x000001ff816dca90
Event: 27.422 Thread 0x000001fffa853680 flushing nmethod 0x000001ff8175d390
Event: 27.426 Thread 0x000001fffa853680 flushing nmethod 0x000001ff81d66e90


Dynamic libraries:
0x00007ff673ed0000 - 0x00007ff673ee0000 	C:\Program Files\Java\jdk-17\bin\java.exe
0x00007ffdb7dc0000 - 0x00007ffdb8027000 	C:\WINDOWS\SYSTEM32\ntdll.dll
0x00007ffdb5fa0000 - 0x00007ffdb6069000 	C:\WINDOWS\System32\KERNEL32.DLL
0x00007ffdb51f0000 - 0x00007ffdb55df000 	C:\WINDOWS\System32\KERNELBASE.dll
0x00007ffdb4fc0000 - 0x00007ffdb510b000 	C:\WINDOWS\System32\ucrtbase.dll
0x00007ffd9be40000 - 0x00007ffd9be59000 	C:\Program Files\Java\jdk-17\bin\jli.dll
0x00007ffd99090000 - 0x00007ffd990ab000 	C:\Program Files\Java\jdk-17\bin\VCRUNTIME140.dll
0x00007ffdb71a0000 - 0x00007ffdb7254000 	C:\WINDOWS\System32\ADVAPI32.dll
0x00007ffdb6dc0000 - 0x00007ffdb6e69000 	C:\WINDOWS\System32\msvcrt.dll
0x00007ffdb5c70000 - 0x00007ffdb5d16000 	C:\WINDOWS\System32\sechost.dll
0x00007ffdb64d0000 - 0x00007ffdb65e8000 	C:\WINDOWS\System32\RPCRT4.dll
0x00007ffdb6fc0000 - 0x00007ffdb7185000 	C:\WINDOWS\System32\USER32.dll
0x00007ffd9bf80000 - 0x00007ffd9c213000 	C:\WINDOWS\WinSxS\amd64_microsoft.windows.common-controls_6595b64144ccf1df_6.0.26100.7309_none_3e05feeae336a044\COMCTL32.dll
0x00007ffdb5110000 - 0x00007ffdb5137000 	C:\WINDOWS\System32\win32u.dll
0x00007ffdb77c0000 - 0x00007ffdb77eb000 	C:\WINDOWS\System32\GDI32.dll
0x00007ffdb55f0000 - 0x00007ffdb571c000 	C:\WINDOWS\System32\gdi32full.dll
0x00007ffdb5140000 - 0x00007ffdb51e3000 	C:\WINDOWS\System32\msvcp_win.dll
0x00007ffdab7d0000 - 0x00007ffdab7db000 	C:\WINDOWS\SYSTEM32\VERSION.dll
0x00007ffdb5c30000 - 0x00007ffdb5c61000 	C:\WINDOWS\System32\IMM32.DLL
0x00007ffda2160000 - 0x00007ffda216c000 	C:\Program Files\Java\jdk-17\bin\vcruntime140_1.dll
0x00007ffd96e30000 - 0x00007ffd96ebe000 	C:\Program Files\Java\jdk-17\bin\msvcp140.dll
0x00007ffd62c00000 - 0x00007ffd637e0000 	C:\Program Files\Java\jdk-17\bin\server\jvm.dll
0x00007ffdb6fb0000 - 0x00007ffdb6fb8000 	C:\WINDOWS\System32\PSAPI.DLL
0x00007ffd8b3c0000 - 0x00007ffd8b3ca000 	C:\WINDOWS\SYSTEM32\WSOCK32.dll
0x00007ffdac640000 - 0x00007ffdac675000 	C:\WINDOWS\SYSTEM32\WINMM.dll
0x00007ffdb7260000 - 0x00007ffdb72d4000 	C:\WINDOWS\System32\WS2_32.dll
0x00007ffdb3cc0000 - 0x00007ffdb3cdb000 	C:\WINDOWS\SYSTEM32\kernel.appcore.dll
0x00007ffd9eca0000 - 0x00007ffd9ecaa000 	C:\Program Files\Java\jdk-17\bin\jimage.dll
0x00007ffdb2540000 - 0x00007ffdb2782000 	C:\WINDOWS\SYSTEM32\DBGHELP.DLL
0x00007ffdb72e0000 - 0x00007ffdb7666000 	C:\WINDOWS\System32\combase.dll
0x00007ffdb5d20000 - 0x00007ffdb5df6000 	C:\WINDOWS\System32\OLEAUT32.dll
0x00007ffd94400000 - 0x00007ffd9443c000 	C:\WINDOWS\SYSTEM32\dbgcore.DLL
0x00007ffdb4f10000 - 0x00007ffdb4fb5000 	C:\WINDOWS\System32\bcryptPrimitives.dll
0x00007ffd9ec10000 - 0x00007ffd9ec1e000 	C:\Program Files\Java\jdk-17\bin\instrument.dll
0x00007ffd971f0000 - 0x00007ffd97215000 	C:\Program Files\Java\jdk-17\bin\java.dll
0x00007ffd96d50000 - 0x00007ffd96e27000 	C:\Program Files\Java\jdk-17\bin\jsvml.dll
0x00007ffdb6660000 - 0x00007ffdb6db3000 	C:\WINDOWS\System32\SHELL32.dll
0x00007ffdb5720000 - 0x00007ffdb588a000 	C:\WINDOWS\System32\wintypes.dll
0x00007ffdb2ae0000 - 0x00007ffdb333e000 	C:\WINDOWS\SYSTEM32\windows.storage.dll
0x00007ffdb77f0000 - 0x00007ffdb78e5000 	C:\WINDOWS\System32\SHCORE.dll
0x00007ffdb65f0000 - 0x00007ffdb6656000 	C:\WINDOWS\System32\shlwapi.dll
0x00007ffdb4e30000 - 0x00007ffdb4e59000 	C:\WINDOWS\SYSTEM32\profapi.dll
0x00007ffd96d30000 - 0x00007ffd96d48000 	C:\Program Files\Java\jdk-17\bin\zip.dll
0x00007ffd96d10000 - 0x00007ffd96d29000 	C:\Program Files\Java\jdk-17\bin\net.dll
0x00007ffdadf90000 - 0x00007ffdae0b8000 	C:\WINDOWS\SYSTEM32\WINHTTP.dll
0x00007ffdb4230000 - 0x00007ffdb429b000 	C:\WINDOWS\system32\mswsock.dll
0x00007ffd96cf0000 - 0x00007ffd96d06000 	C:\Program Files\Java\jdk-17\bin\nio.dll
0x00007ffd9eb20000 - 0x00007ffd9eb30000 	C:\Program Files\Java\jdk-17\bin\verify.dll
0x00007ffd994e0000 - 0x00007ffd99507000 	C:\Users\surde\.gradle\native\1def1411415f61bf3af743bc5b6707747c0891f09f0c88961ee8f79bc544acac\windows-amd64\native-platform.dll
0x00007ffd96c70000 - 0x00007ffd96ce8000 	C:\Users\surde\.gradle\native\0.2.7\x86_64-windows-gnu\gradle-fileevents.dll
0x00007ffd971e0000 - 0x00007ffd971ea000 	C:\Program Files\Java\jdk-17\bin\management.dll
0x00007ffd96c60000 - 0x00007ffd96c6b000 	C:\Program Files\Java\jdk-17\bin\management_ext.dll
0x00007ffdb3740000 - 0x00007ffdb3774000 	C:\WINDOWS\SYSTEM32\IPHLPAPI.DLL
0x00007ffdb5b60000 - 0x00007ffdb5b6a000 	C:\WINDOWS\System32\NSI.dll
0x00007ffdae660000 - 0x00007ffdae67e000 	C:\WINDOWS\SYSTEM32\dhcpcsvc6.DLL
0x00007ffdae570000 - 0x00007ffdae593000 	C:\WINDOWS\SYSTEM32\dhcpcsvc.DLL
0x00007ffdb3820000 - 0x00007ffdb394c000 	C:\WINDOWS\SYSTEM32\DNSAPI.dll
0x00007ffdb44f0000 - 0x00007ffdb450b000 	C:\WINDOWS\SYSTEM32\CRYPTSP.dll
0x00007ffdb3c20000 - 0x00007ffdb3c5a000 	C:\WINDOWS\system32\rsaenh.dll
0x00007ffdb42e0000 - 0x00007ffdb430b000 	C:\WINDOWS\SYSTEM32\USERENV.dll
0x00007ffdb4e00000 - 0x00007ffdb4e2a000 	C:\WINDOWS\SYSTEM32\bcrypt.dll
0x00007ffdb4510000 - 0x00007ffdb451c000 	C:\WINDOWS\SYSTEM32\CRYPTBASE.dll
0x00007ffd96c50000 - 0x00007ffd96c5e000 	C:\Program Files\Java\jdk-17\bin\sunmscapi.dll
0x00007ffdb5920000 - 0x00007ffdb5a97000 	C:\WINDOWS\System32\CRYPT32.dll
0x00007ffdb4710000 - 0x00007ffdb4740000 	C:\WINDOWS\SYSTEM32\ncrypt.dll
0x00007ffdb46c0000 - 0x00007ffdb46ff000 	C:\WINDOWS\SYSTEM32\NTASN1.dll
0x00007ffd943e0000 - 0x00007ffd943e8000 	C:\WINDOWS\system32\wshunix.dll
0x00007ffdab8a0000 - 0x00007ffdab8ab000 	C:\Windows\System32\rasadhlp.dll
0x00007ffdaed30000 - 0x00007ffdaedb6000 	C:\WINDOWS\System32\fwpuclnt.dll
0x00007ffd93e70000 - 0x00007ffd93e88000 	C:\WINDOWS\system32\napinsp.dll
0x00007ffd93e50000 - 0x00007ffd93e62000 	C:\WINDOWS\System32\winrnr.dll
0x00007ffd93e90000 - 0x00007ffd93eb2000 	C:\WINDOWS\system32\nlansp_c.dll
0x00007ffd93ec0000 - 0x00007ffd93ed6000 	C:\WINDOWS\system32\wshbth.dll

dbghelp: loaded successfully - version: 4.0.5 - missing functions: none
symbol engine: initialized successfully - sym options: 0x614 - pdb path: .;C:\Program Files\Java\jdk-17\bin;C:\WINDOWS\SYSTEM32;C:\WINDOWS\WinSxS\amd64_microsoft.windows.common-controls_6595b64144ccf1df_6.0.26100.7309_none_3e05feeae336a044;C:\Program Files\Java\jdk-17\bin\server;C:\Users\surde\.gradle\native\1def1411415f61bf3af743bc5b6707747c0891f09f0c88961ee8f79bc544acac\windows-amd64;C:\Users\surde\.gradle\native\0.2.7\x86_64-windows-gnu

VM Arguments:
jvm_args: --add-opens=java.base/java.lang=ALL-UNNAMED --add-opens=java.base/java.lang.invoke=ALL-UNNAMED --add-opens=java.base/java.util=ALL-UNNAMED --add-opens=java.prefs/java.util.prefs=ALL-UNNAMED --add-exports=jdk.compiler/com.sun.tools.javac.api=ALL-UNNAMED --add-exports=jdk.compiler/com.sun.tools.javac.util=ALL-UNNAMED --add-opens=java.base/java.util=ALL-UNNAMED --add-opens=java.prefs/java.util.prefs=ALL-UNNAMED --add-opens=java.base/java.nio.charset=ALL-UNNAMED --add-opens=java.base/java.net=ALL-UNNAMED --add-opens=java.base/java.util.concurrent.atomic=ALL-UNNAMED --add-opens=java.xml/javax.xml.namespace=ALL-UNNAMED -XX:MaxMetaspaceSize=512m -Xmx2048m -Dfile.encoding=UTF-8 -Duser.country=IN -Duser.language=en -Duser.variant -javaagent:C:\Users\surde\.gradle\wrapper\dists\gradle-8.13-bin\5xuhj0ry160q40clulazy9h7d\gradle-8.13\lib\agents\gradle-instrumentation-agent-8.13.jar 
java_command: org.gradle.launcher.daemon.bootstrap.GradleDaemon 8.13
java_class_path (initial): C:\Users\surde\.gradle\wrapper\dists\gradle-8.13-bin\5xuhj0ry160q40clulazy9h7d\gradle-8.13\lib\gradle-daemon-main-8.13.jar
Launcher Type: SUN_STANDARD

[Global flags]
     intx CICompilerCount                          = 4                                         {product} {ergonomic}
   size_t CompressedClassSpaceSize                 = 436207616                                 {product} {ergonomic}
     uint ConcGCThreads                            = 3                                         {product} {ergonomic}
     uint G1ConcRefinementThreads                  = 10                                        {product} {ergonomic}
   size_t G1HeapRegionSize                         = 1048576                                   {product} {ergonomic}
    uintx GCDrainStackTargetSize                   = 64                                        {product} {ergonomic}
   size_t InitialHeapSize                          = 264241152                                 {product} {ergonomic}
   size_t MarkStackSize                            = 4194304                                   {product} {ergonomic}
   size_t MaxHeapSize                              = 2147483648                                {product} {command line}
   size_t MaxMetaspaceSize                         = 536870912                                 {product} {command line}
   size_t MaxNewSize                               = 1287651328                                {product} {ergonomic}
   size_t MinHeapDeltaBytes                        = 1048576                                   {product} {ergonomic}
   size_t MinHeapSize                              = 8388608                                   {product} {ergonomic}
    uintx NonNMethodCodeHeapSize                   = 5839372                                {pd product} {ergonomic}
    uintx NonProfiledCodeHeapSize                  = 122909434                              {pd product} {ergonomic}
    uintx ProfiledCodeHeapSize                     = 122909434                              {pd product} {ergonomic}
    uintx ReservedCodeCacheSize                    = 251658240                              {pd product} {ergonomic}
     bool SegmentedCodeCache                       = true                                      {product} {ergonomic}
   size_t SoftMaxHeapSize                          = 2147483648                             {manageable} {ergonomic}
     bool UseCompressedClassPointers               = true                           {product lp64_product} {ergonomic}
     bool UseCompressedOops                        = true                           {product lp64_product} {ergonomic}
     bool UseG1GC                                  = true                                      {product} {ergonomic}
     bool UseLargePagesIndividualAllocation        = false                                  {pd product} {ergonomic}

Logging:
Log output configuration:
 #0: stdout all=warning uptime,level,tags
 #1: stderr all=off uptime,level,tags

Environment Variables:
PATH=C:\Program Files\NVIDIA GPU Computing Toolkit\CUDA\v12.2\bin;C:\Program Files\NVIDIA GPU Computing Toolkit\CUDA\v12.2\libnvvp;C:\Program Files\NVIDIA GPU Computing Toolkit\CUDA\v11.8\bin;C:\Program Files\NVIDIA GPU Computing Toolkit\CUDA\v11.8\libnvvp;C:\Program Files\Common Files\Oracle\Java\javapath;C:\Program Files (x86)\Common Files\Oracle\Java\javapath;C:\Python312\Scripts\;C:\Python312\;C:\WINDOWS\system32;C:\WINDOWS;C:\WINDOWS\System32\Wbem;C:\WINDOWS\System32\WindowsPowerShell\v1.0\;C:\WINDOWS\System32\OpenSSH\;C:\Program Files\NVIDIA Corporation\NVIDIA App\NvDLISR;C:\Program Files (x86)\NVIDIA Corporation\PhysX\Common;C:\WINDOWS\system32\config\systemprofile\AppData\Local\Muse Hub\lib;C:\ProgramData\chocolatey\bin;C:\Program Files\dotnet\;C:\Program Files\Git\cmd;C:\Program Files\NVIDIA Corporation\Nsight Compute 2023.2.0\;C:\Program Files\nvm;C:\nvm\nodejs;C:\Program Files\Git LFS;C:\Users\surde\AppData\Local\Programs\Python\Python313\Scripts\;C:\Users\surde\AppData\Local\Programs\Python\Python313\;C:\Program Files\NVIDIA GPU Computing Toolkit\CUDA\v12.2\bin;C:\Program Files\NVIDIA GPU Computing Toolkit\CUDA\v12.2\libnvvp;C:\Program Files\NVIDIA GPU Computing Toolkit\CUDA\v11.8\bin;C:\Program Files\NVIDIA GPU Computing Toolkit\CUDA\v11.8\libnvvp;C:\Program Files\Common Files\Oracle\Java\javapath;C:\Python312\Scripts\;C:\Python312\;C:\WINDOWS\system32;C:\WINDOWS;C:\WINDOWS\System32\Wbem;C:\WINDOWS\System32\WindowsPowerShell\v1.0\;C:\WINDOWS\System32\OpenSSH\;C:\Program Files\NVIDIA Corporation\NVIDIA App\NvDLISR;C:\Program Files (x86)\NVIDIA Corporation\PhysX\Common;C:\WINDOWS\system32\config\systemprofile\AppData\Local\Muse Hub\lib;C:\ProgramData\chocolatey\bin;C:\Program Files\dotnet\;C:\Program Files\Git\cmd;C:\Program Files\NVIDIA Corporation\Nsight Compute 2023.2.0\;C:\Users\surde\AppData\Local\nvm;C:\Users\surde\AppData\Local\Microsoft\WindowsApps;C:\Program Files\;C:\Users\surde\AppData\Local\Programs\Ollama\ollama.exe;C:\Users\surde\AppData\Local\
USERNAME=surde
OS=Windows_NT
PROCESSOR_IDENTIFIER=Intel64 Family 6 Model 141 Stepping 1, GenuineIntel



---------------  S Y S T E M  ---------------

OS:
 Windows 11 , 64 bit Build 26100 (10.0.26100.7623)
OS uptime: 0 days 2:00 hours
Hyper-V role detected

CPU: total 12 (initial active 12) (6 cores per cpu, 2 threads per core) family 6 model 141 stepping 1 microcode 0x50, cx8, cmov, fxsr, ht, mmx, 3dnowpref, sse, sse2, sse3, ssse3, sse4.1, sse4.2, popcnt, lzcnt, tsc, tscinvbit, avx, avx2, aes, erms, clmul, bmi1, bmi2, adx, avx512f, avx512dq, avx512cd, avx512bw, avx512vl, sha, fma, vzeroupper, avx512_vpopcntdq, avx512_vpclmulqdq, avx512_vaes, avx512_vnni, clflush, clflushopt, clwb, avx512_vbmi2, avx512_vbmi, hv

Memory: 4k page, system-wide physical 16105M (968M free)
TotalPageFile size 19773M (AvailPageFile size 0M)
current process WorkingSet (physical memory assigned to process): 764M, peak: 774M
current process commit charge ("private bytes"): 816M, peak: 827M

vm_info: Java HotSpot(TM) 64-Bit Server VM (17.0.12+8-LTS-286) for windows-amd64 JRE (17.0.12+8-LTS-286), built on Jun  5 2024 06:46:59 by "mach5one" with MS VC++ 17.6 (VS2022)

END.
